barcode,series,control symbol,title,contents dates,contents start year,contents end year,original access status,original access decision reasons,original access decision date,current access status,current access decision reasons,current access decision date,days closed,years closed,url
1745210,A1838,73/1/3/13 PART 23,Yugoslavia - Foreign policy - Extremism - General,1979 - 1979,1979,1979,Closed,Withheld pending adv,2016-04-19 00:00:00,Open with exception,33(1)(a) | 33(1)(d) | Withheld pending adv,2017-08-29 00:00:00,497,1 years 132 days,http://www.naa.gov.au/cgi-bin/Search?O=I&Number=1745210
1745212,A1838,73/1/3/13 PART 25,Yugoslavia - Foreign policy - Extremism - General,1979 - 1979,1979,1979,Closed,Withheld pending adv,2016-04-19 00:00:00,Open with exception,33(1)(a) | Withheld pending adv,2017-10-18 00:00:00,547,1 years 182 days,http://www.naa.gov.au/cgi-bin/Search?O=I&Number=1745212
1746448,A1838,186/11/4 PART 9,Sri Lanka - Relations with India,1985 - 1986,1985,1986,Closed,Withheld pending adv,2016-04-18 00:00:00,Open with exception,33(1)(a) | Withheld pending adv,2017-04-12 00:00:00,359,0 years 359 days,http://www.naa.gov.au/cgi-bin/Search?O=I&Number=1746448
1746656,A1838,189/7/1 PART 18,Pakistan - Foreign policy - General,1980 - 1980,1980,1980,Closed,Withheld pending adv,2016-04-18 00:00:00,Open with exception,Withheld pending adv,2017-01-25 00:00:00,282,0 years 282 days,http://www.naa.gov.au/cgi-bin/Search?O=I&Number=1746656
1747702,A1838,169/10/1 PART 55,India - Relations with Australia,1985 - 1986,1985,1986,Closed,Withheld pending adv,2013-12-19 00:00:00,Open with exception,33(1)(a),2017-06-27 00:00:00,1286,3 years 190 days,http://www.naa.gov.au/cgi-bin/Search?O=I&Number=1747702
1747706,A1838,169/10/1 PART 60,India - Relations with Australia,1988 - 1988,1988,1988,Closed,Withheld pending adv,2016-09-15 00:00:00,Open with exception,33(1)(a) | 33(1)(g),2017-06-15 00:00:00,273,0 years 273 days,http://www.naa.gov.au/cgi-bin/Search?O=I&Number=1747706
1747707,A1838,169/10/1 PART 61,India - Relations with Australia,1988 - 1988,1988,1988,Closed,Withheld pending adv,2016-09-15 00:00:00,Open with exception,33(1)(a),2017-06-15 00:00:00,273,0 years 273 days,http://www.naa.gov.au/cgi-bin/Search?O=I&Number=1747707
1747837,A1838,169/11/52 PART 22,India - Relations with USSR [Union of Soviet Socialist Republics],1979 - 1980,1979,1980,Closed,Withheld pending adv,2016-04-19 00:00:00,Open with exception,33(1)(a),2017-06-23 00:00:00,430,1 years 65 days,http://www.naa.gov.au/cgi-bin/Search?O=I&Number=1747837
1747853,A1838,169/11/87 PART 38,India - Relations with China,1978 - 1979,1978,1979,Closed,Withheld pending adv,2016-05-03 00:00:00,Open with exception,33(1)(a) | Withheld pending adv,2017-08-24 00:00:00,478,1 years 113 days,http://www.naa.gov.au/cgi-bin/Search?O=I&Number=1747853
1748989,A1838,190/2/9 PART 3,Zimbabwe - Internal security,1983 - 1984,1983,1984,Closed,Withheld pending adv,2012-04-24 00:00:00,Open with exception,33(1)(a) | Withheld pending adv,2017-02-20 00:00:00,1763,4 years 302 days,http://www.naa.gov.au/cgi-bin/Search?O=I&Number=1748989
1749130,A1838,190/10/11/1/1 PART 4,"Australian visitors to Zimbabwe - Individuals, abduction of tourists",1982 - 1983,1982,1983,Closed,Withheld pending adv,2012-04-24 00:00:00,Open with exception,33(1)(a),2017-03-09 00:00:00,1780,4 years 319 days,http://www.naa.gov.au/cgi-bin/Search?O=I&Number=1749130
1749554,A1838,193/10/1 PART 24,Iran - Relations with Australia - Political,1979 - 1979,1979,1979,Closed,Withheld pending adv,2010-06-10 00:00:00,Open,,2017-01-10 00:00:00,2406,6 years 215 days,http://www.naa.gov.au/cgi-bin/Search?O=I&Number=1749554
1749852,A1838,199/11/38 PART 1,Saudi Arabia - Relations with United Arab Republic,1971 - 1980,1971,1980,Closed,Withheld pending adv,2016-04-18 00:00:00,Open with exception,33(1)(a),2017-01-10 00:00:00,267,0 years 267 days,http://www.naa.gov.au/cgi-bin/Search?O=I&Number=1749852
1753059,A1838,233/9/1 PART 7,Cuba - Relations with Australia,1980 - 1980,1980,1980,Closed,Withheld pending adv,2016-05-25 00:00:00,Open with exception,33(1)(a) | 33(1)(d),2017-12-05 00:00:00,559,1 years 194 days,http://www.naa.gov.au/cgi-bin/Search?O=I&Number=1753059
1753066,A1838,233/9/1 PART 9,Cuba - Relations with Australia,1981 - 1981,1981,1981,Closed,Withheld pending adv,2016-05-30 00:00:00,Open with exception,33(1)(a),2017-07-03 00:00:00,399,1 years 34 days,http://www.naa.gov.au/cgi-bin/Search?O=I&Number=1753066
1753068,A1838,233/9/1 PART 11,Cuba - Relations with Australia,1983 - 1984,1983,1984,Closed,Withheld pending adv,2016-05-16 00:00:00,Open with exception,33(1)(a),2017-05-22 00:00:00,371,1 years 6 days,http://www.naa.gov.au/cgi-bin/Search?O=I&Number=1753068
1754271,A1838,680/7/7 PART 2,Export of civil aircraft,1974 - 1978,1974,1978,Closed,Withheld pending adv,2012-01-11 00:00:00,Open,,2017-10-11 00:00:00,2100,5 years 274 days,http://www.naa.gov.au/cgi-bin/Search?O=I&Number=1754271
1755341,A1838,684/2/2 PART 2,NATO - Relations with Australia,1983 - 1987,1983,1987,Closed,Withheld pending adv,2016-11-08 00:00:00,Open,,2017-11-28 00:00:00,385,1 years 20 days,http://www.naa.gov.au/cgi-bin/Search?O=I&Number=1755341
1338803,A1838,189/11/107 PART 1,Pakistan - Relations with Burma,1949 - 1978,1949,1978,Closed,Withheld pending adv,2011-07-06 00:00:00,Open with exception,33(1)(a),2017-06-28 00:00:00,2184,5 years 358 days,http://www.naa.gov.au/cgi-bin/Search?O=I&Number=1338803
1389006,A1838,519/1 PART 4,Formosa political situation,1950 - 1953,1950,1953,Closed,Withheld pending adv,2014-06-10 00:00:00,Open with exception,33(1)(a),2017-02-21 00:00:00,987,2 years 257 days,http://www.naa.gov.au/cgi-bin/Search?O=I&Number=1389006
1389012,A1838,528/1 PART 5,Hong Kong - General,1967 - 1968,1967,1968,Closed,Withheld pending adv,2012-01-09 00:00:00,Open with exception,33(1)(a),2017-07-03 00:00:00,2002,5 years 176 days,http://www.naa.gov.au/cgi-bin/Search?O=I&Number=1389012
1755438,A1838,686/1 PART 43,ANZUS - Regional defence organisation - Defence of South Pacific and South East Asia - Tripartite security pact,1985 - 1985,1985,1985,Closed,Withheld pending adv,2013-11-27 00:00:00,Open with exception,33(1)(a),2017-04-04 00:00:00,1224,3 years 128 days,http://www.naa.gov.au/cgi-bin/Search?O=I&Number=1755438
1755557,A1838,762/2 PART 4,Hong Kong - Reports on economic developments,1979 - 1981,1979,1981,Closed,Withheld pending adv,2012-01-20 00:00:00,Open,,2017-07-03 00:00:00,1991,5 years 165 days,http://www.naa.gov.au/cgi-bin/Search?O=I&Number=1755557
1755632,A1838,766/1 PART 23,China - Economic relations with Australia,1975 - 1976,1975,1976,Closed,Withheld pending adv,2012-02-23 00:00:00,Open with exception,33(1)(a),2017-10-25 00:00:00,2071,5 years 245 days,http://www.naa.gov.au/cgi-bin/Search?O=I&Number=1755632
1757330,A1838,696/2/2/1 PART 18,Defence co-operation with Indonesia,1979 - 1980,1979,1980,Closed,Withheld pending adv,2010-05-17 00:00:00,Open with exception,33(1)(a),2017-07-03 00:00:00,2604,7 years 47 days,http://www.naa.gov.au/cgi-bin/Search?O=I&Number=1757330
1758772,A1838,907/2 PART 23,United Nations Security Council - Elections,1978 - 1979,1978,1979,Closed,Withheld pending adv,2016-10-10 00:00:00,Open,,2017-12-05 00:00:00,421,1 years 56 days,http://www.naa.gov.au/cgi-bin/Search?O=I&Number=1758772
1758773,A1838,907/2 PART 26,United Nations Security Council - Elections,1982 - 1983,1982,1983,Closed,Withheld pending adv,2016-04-05 00:00:00,Open,,2017-12-05 00:00:00,609,1 years 244 days,http://www.naa.gov.au/cgi-bin/Search?O=I&Number=1758773
1389139,A1838,528/1/4 PART 7,Hong Kong - Communist activities within the colony,1967 - 1967,1967,1967,Closed,Withheld pending adv,2010-06-11 00:00:00,Open with exception,33(1)(a),2017-07-11 00:00:00,2587,7 years 30 days,http://www.naa.gov.au/cgi-bin/Search?O=I&Number=1389139
1389514,A1838,338/1 PART 53,"South Pacific - Condominium territories - Vanuatu - Administration, general",1980 - 1980,1980,1980,Closed,Withheld pending adv,2012-08-16 00:00:00,Open with exception,33(1)(a) | Withheld pending adv,2017-05-17 00:00:00,1735,4 years 274 days,http://www.naa.gov.au/cgi-bin/Search?O=I&Number=1389514
1389607,A1838,314/8/1 PART 3,Western Samoa - Relations with Australia - General,1970 - 1976,1970,1976,Closed,Withheld pending adv,2011-08-15 00:00:00,Open,,2017-06-21 00:00:00,2137,5 years 311 days,http://www.naa.gov.au/cgi-bin/Search?O=I&Number=1389607
1389896,A1838,323/1 PART 13,New Caledonia - Political developments - General,1977 - 1978,1977,1978,Closed,Withheld pending adv,2011-04-27 00:00:00,Open with exception,33(1)(a),2017-02-07 00:00:00,2113,5 years 287 days,http://www.naa.gov.au/cgi-bin/Search?O=I&Number=1389896
1504852,A1838,3027/2/9/3 PART 6,Malaysia - Internal security - Students and political detainees,1978 - 1982,1978,1982,Closed,Withheld pending adv,2015-05-06 00:00:00,Open with exception,33(1)(a),2017-08-23 00:00:00,840,2 years 110 days,http://www.naa.gov.au/cgi-bin/Search?O=I&Number=1504852
1505180,A1838,3020/11/87 PART 28,North Vietnam - Relations with China,1978 - 1978,1978,1978,Closed,Withheld pending adv,2012-08-24 00:00:00,Open with exception,33(1)(a) | Withheld pending adv,2017-10-30 00:00:00,1893,5 years 67 days,http://www.naa.gov.au/cgi-bin/Search?O=I&Number=1505180
1505639,A1838,3027/11/87 PART 13,Malaysia - Relations with China,1977 - 1980,1977,1980,Closed,Withheld pending adv,2015-02-03 00:00:00,Open with exception,33(1)(a),2017-10-12 00:00:00,982,2 years 252 days,http://www.naa.gov.au/cgi-bin/Search?O=I&Number=1505639
1505720,A1838,3038/2/1 PART 27,Portuguese Timor - Political and General,1983 - 1983,1983,1983,Closed,Withheld pending adv,2016-04-18 00:00:00,Open with exception,33(1)(a) | Withheld pending adv,2017-02-16 00:00:00,304,0 years 304 days,http://www.naa.gov.au/cgi-bin/Search?O=I&Number=1505720
1505733,A1838,3038/2/9/1 PART 6,East Timor - Political prisoners - Human rights,1986 - 1987,1986,1987,Closed,Withheld pending adv,2015-08-10 00:00:00,Open with exception,33(1)(a),2017-10-11 00:00:00,793,2 years 63 days,http://www.naa.gov.au/cgi-bin/Search?O=I&Number=1505733
1759052,A1838,915/20 PART 4,United Nations - Asian - Political - Indian Ocean Committee,1980 - 1981,1980,1981,Closed,Withheld pending adv,2016-04-19 00:00:00,Open,,2017-05-12 00:00:00,388,1 years 23 days,http://www.naa.gov.au/cgi-bin/Search?O=I&Number=1759052
1759872,A1838,697/8/8 PART 1,"Defence policy - Indian Ocean - Indonesia - Interests, policies and activities",1972 - 1978,1972,1978,Closed,Withheld pending adv,2016-04-18 00:00:00,Open with exception,33(1)(a),2017-02-07 00:00:00,295,0 years 295 days,http://www.naa.gov.au/cgi-bin/Search?O=I&Number=1759872
1759937,A1838,698/6/2,Hong Kong - British reports,1967 - 1969,1967,1969,Closed,Withheld pending adv,2012-01-24 00:00:00,Open,,2017-10-30 00:00:00,2106,5 years 280 days,http://www.naa.gov.au/cgi-bin/Search?O=I&Number=1759937
1760426,A1838,1690/3/4 PART 4,Australian refugee policy - Relations with other countries - Iran,1983 - 1983,1983,1983,Closed,Withheld pending adv,2014-04-11 00:00:00,Open with exception,33(1)(a) | 33(1)(d),2017-10-11 00:00:00,1279,3 years 183 days,http://www.naa.gov.au/cgi-bin/Search?O=I&Number=1760426
1761043,A1838,720/4/9 PART 27,Australian atomic energy - Non proliferation aspects of uranium enrichment,1980 - 1980,1980,1980,Closed,Withheld pending adv,2014-02-05 00:00:00,Open with exception,33(1)(a) | Withheld pending adv,2017-10-26 00:00:00,1359,3 years 263 days,http://www.naa.gov.au/cgi-bin/Search?O=I&Number=1761043
1505801,A1838,3038/9/1 PART 13,Portuguese Timor - Relations with UN,1980 - 1981,1980,1981,Closed,Withheld pending adv,2011-10-18 00:00:00,Open,,2017-10-16 00:00:00,2190,5 years 364 days,http://www.naa.gov.au/cgi-bin/Search?O=I&Number=1505801
1505950,A1838,3038/11/64 PART 13,East Timor - Relations with Portugal,1986 - 1987,1986,1987,Closed,Withheld pending adv,2016-04-19 00:00:00,Open with exception,33(1)(a),2017-02-06 00:00:00,293,0 years 293 days,http://www.naa.gov.au/cgi-bin/Search?O=I&Number=1505950
1506015,A1838,3038/10/15 PART 14,Portuguese Timor - Australian aid,1979 - 1979,1979,1979,Closed,Withheld pending adv,2015-01-21 00:00:00,Open with exception,33(1)(a),2017-10-27 00:00:00,1010,2 years 280 days,http://www.naa.gov.au/cgi-bin/Search?O=I&Number=1506015
1510518,A1838,519/3/1/8 PART 2,Formosa - Correspondence to the Minister,1976 - 1977,1976,1977,Closed,Withheld pending adv,2016-04-19 00:00:00,Open,,2017-02-23 00:00:00,310,0 years 310 days,http://www.naa.gov.au/cgi-bin/Search?O=I&Number=1510518
1510703,A1838,3107/40/51 PART 1,China - Relations with United Kingdom,1945 - 1948,1945,1948,Closed,Withheld pending adv,2011-12-15 00:00:00,Open,,2017-06-27 00:00:00,2021,5 years 195 days,http://www.naa.gov.au/cgi-bin/Search?O=I&Number=1510703
1511132,A1838,3107/40/87 PART 29,China - Relations with Japan,1978 - 1978,1978,1978,Closed,Withheld pending adv,2016-04-19 00:00:00,Open with exception,33(1)(a) | Withheld pending adv,2017-02-21 00:00:00,308,0 years 308 days,http://www.naa.gov.au/cgi-bin/Search?O=I&Number=1511132
1511256,A1838,3107/16/6 PART 12,China - Fifth five year plan,1980 - 1980,1980,1980,Closed,Withheld pending adv,2016-04-19 00:00:00,Open with exception,33(1)(a),2017-02-15 00:00:00,302,0 years 302 days,http://www.naa.gov.au/cgi-bin/Search?O=I&Number=1511256
1511632,A1838,3107/40/147 PART 5,China - Foreign policy - Relations with India,1959 - 1959,1959,1959,Closed,Withheld pending adv,2011-09-08 00:00:00,Open with exception,33(1)(a),2017-01-11 00:00:00,1952,5 years 126 days,http://www.naa.gov.au/cgi-bin/Search?O=I&Number=1511632
1511641,A1838,3107/40/147 PART 11,China - Relations with India,1962 - 1962,1962,1962,Closed,Withheld pending adv,2015-05-06 00:00:00,Open with exception,33(1)(a),2017-02-06 00:00:00,642,1 years 277 days,http://www.naa.gov.au/cgi-bin/Search?O=I&Number=1511641
1511646,A1838,3107/40/147 PART 14,China - Relations with India,1962 - 1962,1962,1962,Closed,Withheld pending adv,2011-09-07 00:00:00,Open with exception,33(1)(a),2017-08-03 00:00:00,2157,5 years 331 days,http://www.naa.gov.au/cgi-bin/Search?O=I&Number=1511646
1512014,A1838,3107/38/1/3 PART 1,Australia - China relations - Annual review,1973 - 1994,1973,1994,Closed,Withheld pending adv,2011-06-14 00:00:00,Open with exception,33(1)(a),2017-03-10 00:00:00,2096,5 years 270 days,http://www.naa.gov.au/cgi-bin/Search?O=I&Number=1512014
1512470,A1838,3103/11/112 PART 4,Japan - Relations with Cambodia,1978 - 1979,1978,1979,Closed,Withheld pending adv,2010-09-22 00:00:00,Open with exception,33(1)(a),2017-11-22 00:00:00,2618,7 years 61 days,http://www.naa.gov.au/cgi-bin/Search?O=I&Number=1512470
1761610,A1838,720/5/18 PART 5,Atomic Energy Agency - Israel - Relations with Australia,1986 - 1987,1986,1987,Closed,MAKE YOUR SELECTION | Withheld pending adv,2016-05-03 00:00:00,Open with exception,33(1)(a),2017-08-23 00:00:00,477,1 years 112 days,http://www.naa.gov.au/cgi-bin/Search?O=I&Number=1761610
1761627,A1838,720/5/22 PART 7,Atomic energy - Australia - Relations with China,1984 - 1984,1984,1984,Closed,Withheld pending adv,2014-03-05 00:00:00,Open with exception,33(1)(a),2017-10-19 00:00:00,1324,3 years 228 days,http://www.naa.gov.au/cgi-bin/Search?O=I&Number=1761627
1761747,A1838,720/5/50 PART 7,Atomic Energy  - Australia - Relations with Iran,1979 - 1984,1979,1984,Closed,33(1)(a) | Withheld pending adv,2016-06-14 00:00:00,Open with exception,33(1)(a),2017-10-18 00:00:00,491,1 years 126 days,http://www.naa.gov.au/cgi-bin/Search?O=I&Number=1761747
1762040,A1838,1735/5/1,Law of the sea - 3rd conference - 2nd session - 1st Committee,1974 - 1975,1974,1975,Closed,Withheld pending adv,2016-07-13 00:00:00,Open,,2017-10-03 00:00:00,447,1 years 82 days,http://www.naa.gov.au/cgi-bin/Search?O=I&Number=1762040
1762044,A1838,1735/5/3 PART 1,Law of the sea - Third conference - Second session - Third Committee,1974 - 1984,1974,1984,Closed,Withheld pending adv,2016-07-13 00:00:00,Open,,2017-10-03 00:00:00,447,1 years 82 days,http://www.naa.gov.au/cgi-bin/Search?O=I&Number=1762044
1762045,A1838,1735/6/1 PART 1,Law of the sea - Third session - First Committee,1974 - 1975,1974,1975,Closed,Withheld pending adv,2016-07-13 00:00:00,Open,,2017-11-08 00:00:00,483,1 years 118 days,http://www.naa.gov.au/cgi-bin/Search?O=I&Number=1762045
1513496,A1838,3127/2/9/2 PART 2,Republic of Korea - Internal security - Dissident activities,1979 - 1980,1979,1980,Closed,Withheld pending adv,2014-01-10 00:00:00,Open with exception,33(1)(a),2017-01-17 00:00:00,1103,3 years 7 days,http://www.naa.gov.au/cgi-bin/Search?O=I&Number=1513496
1513655,A1838,3127/11/161 PART 14,Korea - Relations with USA,1976 - 1977,1976,1977,Closed,Withheld pending adv,2011-04-08 00:00:00,Open with exception,33(1)(a) | Withheld pending adv,2017-04-13 00:00:00,2197,6 years 6 days,http://www.naa.gov.au/cgi-bin/Search?O=I&Number=1513655
1513741,A1838,3125/10/1 PART 14,North Korea - Relations with Australia,1981 - 1982,1981,1982,Closed,Withheld pending adv,2014-02-06 00:00:00,Open with exception,33(1)(a) | 33(1)(g),2017-10-19 00:00:00,1351,3 years 255 days,http://www.naa.gov.au/cgi-bin/Search?O=I&Number=1513741
1513745,A1838,3127/1/1 PART 11,Korea - Internal and general - Republic of Korea economy,1981 - 1981,1981,1981,Closed,Withheld pending adv,2016-05-25 00:00:00,Open with exception,33(1)(a),2017-02-21 00:00:00,272,0 years 272 days,http://www.naa.gov.au/cgi-bin/Search?O=I&Number=1513745
1514072,A1838,3081/11/5/3/1 PART 87,Papua New Guinea - Bilateral relations - Papua New Guinea/Indonesia border,1985 - 1986,1985,1986,Closed,Withheld pending adv,2016-11-02 00:00:00,Open with exception,33(1)(a) | 33(1)(d) | 33(1)(e)(iii) | 33(1)(g) | Withheld pending adv,2017-11-29 00:00:00,392,1 years 27 days,http://www.naa.gov.au/cgi-bin/Search?O=I&Number=1514072
1514111,A1838,3081/11/6/1 PART 7,Papua New Guinea - Relations with USSR,1986 - 1987,1986,1987,Closed,Withheld pending adv,2017-01-04 00:00:00,Open with exception,33(1)(a) | Withheld pending adv,2017-11-23 00:00:00,323,0 years 323 days,http://www.naa.gov.au/cgi-bin/Search?O=I&Number=1514111
1514419,A1838,3004/12/17 PART 5,South East Asia - USSR representation - Interests and policy,1977 - 1978,1977,1978,Closed,Withheld pending adv,2016-03-15 00:00:00,Open with exception,33(1)(a),2017-01-19 00:00:00,310,0 years 310 days,http://www.naa.gov.au/cgi-bin/Search?O=I&Number=1514419
1514552,A1838,3000/2/9/1 PART 15,Australian policy towards Indo Chinese refugees,1978 - 1978,1978,1978,Closed,Withheld pending adv,2011-11-25 00:00:00,Open with exception,33(1)(a),2017-02-22 00:00:00,1916,5 years 90 days,http://www.naa.gov.au/cgi-bin/Search?O=I&Number=1514552
1871882,A1838,1628/1/17 PART 1,Treaty procedures - Australia - Treaty aspects of disapplication of Australian legalisation in Papua New Guinea,1974 - 1975,1974,1975,Closed,Withheld pending adv,2016-11-01 00:00:00,Open,,2017-06-02 00:00:00,213,0 years 213 days,http://www.naa.gov.au/cgi-bin/Search?O=I&Number=1871882
1872405,A1838,1738/2 PART 1,Antarctica - Ministerial cabinet/ministerial submissions,1975 - 1977,1975,1977,Closed,Withheld pending adv,2010-09-22 00:00:00,Open with exception,33(1)(a),2017-08-23 00:00:00,2527,6 years 336 days,http://www.naa.gov.au/cgi-bin/Search?O=I&Number=1872405
1872981,A1838,155/21/1 PART 17,Africa - General - Indian Ocean - Political,1983 - 1983,1983,1983,Closed,Withheld pending adv,2016-05-03 00:00:00,Open with exception,Withheld pending adv,2017-03-09 00:00:00,310,0 years 310 days,http://www.naa.gov.au/cgi-bin/Search?O=I&Number=1872981
1873077,A1838,175/10/1 PART 22,Israel - Political - Relations with Australia,1982 - 1982,1982,1982,Closed,Withheld pending adv,2015-08-03 00:00:00,Open with exception,33(1)(a) | 33(1)(d),2017-03-24 00:00:00,599,1 years 234 days,http://www.naa.gov.au/cgi-bin/Search?O=I&Number=1873077
1514693,A1838,3004/10/2 PART 2,South East Asia - Indo Chinese refugees - Australian policy,1979 - 1979,1979,1979,Closed,Withheld pending adv,2011-05-19 00:00:00,Open with exception,33(1)(j),2017-12-20 00:00:00,2407,6 years 216 days,http://www.naa.gov.au/cgi-bin/Search?O=I&Number=1514693
1514804,A1838,3005/11/52 PART 5,ASEAN - Relations with USSR,1980 - 1980,1980,1980,Closed,Withheld pending adv,2016-05-25 00:00:00,Open with exception,33(1)(a),2017-02-13 00:00:00,264,0 years 264 days,http://www.naa.gov.au/cgi-bin/Search?O=I&Number=1514804
1515538,A1838,3107/2/7 PART 8,China - Political - Summary of events - Savingrams from Hong Kong,1972 - 1973,1972,1973,Closed,Withheld pending adv,2012-03-20 00:00:00,Open with exception,33(1)(a),2017-07-06 00:00:00,1934,5 years 108 days,http://www.naa.gov.au/cgi-bin/Search?O=I&Number=1515538
1515553,A1838,3107/40/51/2 PART 1,China - Relations with Hong Kong,1973 - 1978,1973,1978,Closed,Withheld pending adv,2014-12-09 00:00:00,Open with exception,33(1)(a),2017-11-22 00:00:00,1079,2 years 349 days,http://www.naa.gov.au/cgi-bin/Search?O=I&Number=1515553
1515650,A1838,3107/12/5 PART 3,China - Social - General - Living conditions in country-side and city,1978 - 1985,1978,1985,Closed,Withheld pending adv,2015-02-25 00:00:00,Open with exception,33(1)(a),2017-01-10 00:00:00,685,1 years 320 days,http://www.naa.gov.au/cgi-bin/Search?O=I&Number=1515650
1874211,A1838,49/2/1/1 PART 15,Portugal - Foreign policy - Portuguese Timor,1983 - 1984,1983,1984,Closed,Withheld pending adv,2016-04-11 00:00:00,Open,,2017-02-16 00:00:00,311,0 years 311 days,http://www.naa.gov.au/cgi-bin/Search?O=I&Number=1874211
1874230,A1838,69/1/3 PART 94,USSR [Union of Soviet Socialist Republics] - Relations with Australia,1987 - 1987,1987,1987,Closed,Withheld pending adv,2016-05-16 00:00:00,Open with exception,33(1)(a),2017-02-07 00:00:00,267,0 years 267 days,http://www.naa.gov.au/cgi-bin/Search?O=I&Number=1874230
1875543,A1838,716/55/4/9/1 PART 1,Economic - Civil aviation - North Vietnam,1974 - 1986,1974,1986,Closed,Withheld pending adv,2011-04-29 00:00:00,Open with exception,33(1)(a),2017-02-24 00:00:00,2128,5 years 302 days,http://www.naa.gov.au/cgi-bin/Search?O=I&Number=1875543
1887573,A1838,3020/10/1/2 PART 1,North Vietnam - Relations with Australia - Australian statements,1972 - 1989,1972,1989,Closed,Withheld pending adv,2016-08-22 00:00:00,Open,,2017-10-11 00:00:00,415,1 years 50 days,http://www.naa.gov.au/cgi-bin/Search?O=I&Number=1887573
1516850,A1838,3015/1/1 PART 2,Provisional revolutionary government - Vietnam - Internal - General,1976 - 1981,1976,1981,Closed,Withheld pending adv,2016-11-01 00:00:00,Open with exception,33(1)(a),2017-05-19 00:00:00,199,0 years 199 days,http://www.naa.gov.au/cgi-bin/Search?O=I&Number=1516850
1516874,A1838,3015/7/3 PART 28,Republic of South Vietnam - Vietnamese refugees,1980 - 1981,1980,1981,Closed,Withheld pending adv,2011-08-09 00:00:00,Open with exception,33(1)(a),2017-01-30 00:00:00,2001,5 years 175 days,http://www.naa.gov.au/cgi-bin/Search?O=I&Number=1516874
1887662,A1838,3103/10/20/1 PART 22,Japan - Relations with Australia - Basic treaty of friendship and co-operation,1977 - 1988,1977,1988,Closed,Closed period | Withheld pending adv,2016-11-01 00:00:00,Open,,2017-11-22 00:00:00,386,1 years 21 days,http://www.naa.gov.au/cgi-bin/Search?O=I&Number=1887662
1887707,A1838,3107/2/23 PART 2,China - Political - General - Canadian material,1976 - 1988,1976,1988,Closed,Withheld pending adv,2016-04-11 00:00:00,Open with exception,33(1)(a),2017-02-24 00:00:00,319,0 years 319 days,http://www.naa.gov.au/cgi-bin/Search?O=I&Number=1887707
1887979,A1838,3125/10/3/3 PART 6,North Korea - Democratic Peoples Republic of Korea - Visitors to Australia,1983 - 1986,1983,1986,Closed,Withheld pending adv,2014-01-28 00:00:00,Open with exception,33(1)(a),2017-10-11 00:00:00,1352,3 years 256 days,http://www.naa.gov.au/cgi-bin/Search?O=I&Number=1887979
1901690,A1838,69/1/3 PART 90,USSR [Union of Soviet Socialist Republics] - Relations with Australia,1985 - 1986,1985,1986,Closed,Withheld pending adv,2016-05-16 00:00:00,Open with exception,33(1)(a) | 33(1)(d) | Withheld pending adv,2017-02-21 00:00:00,281,0 years 281 days,http://www.naa.gov.au/cgi-bin/Search?O=I&Number=1901690
1555598,A1838,720/5/44/3 PART 8,Australia - Euratom nuclear safeguards agreement - Negotiating history,1978 - 1979,1978,1979,Closed,Withheld pending adv,2016-04-18 00:00:00,Open with exception,Withheld pending adv,2017-10-25 00:00:00,555,1 years 190 days,http://www.naa.gov.au/cgi-bin/Search?O=I&Number=1555598
1555829,A1838,720/5/1/1/1 PART 4,United Kingdom - Safeguards agreement with Australia - Negotiating history,1978 - 1978,1978,1978,Closed,Withheld pending adv,2016-04-18 00:00:00,Open,,2017-11-02 00:00:00,563,1 years 198 days,http://www.naa.gov.au/cgi-bin/Search?O=I&Number=1555829
1555830,A1838,720/5/1/1/1 PART 5,United Kingdom - Safeguards agreement with Australia - Negotiating history,1978 - 1978,1978,1978,Closed,Withheld pending adv,2016-04-18 00:00:00,Open,,2017-10-24 00:00:00,554,1 years 189 days,http://www.naa.gov.au/cgi-bin/Search?O=I&Number=1555830
1555842,A1838,720/10/7/1 PART 2,AAEC [Australian Atomic Energy Commission] - Pollution of the seas from disposal of radio active waste includes London Dumping Convention,1978 - 1980,1978,1980,Closed,Withheld pending adv,2011-10-21 00:00:00,Open,,2017-03-09 00:00:00,1966,5 years 140 days,http://www.naa.gov.au/cgi-bin/Search?O=I&Number=1555842
271607,A1838,69/1/4/21 PART 1,USSR Relations with Pakistan,1949 - 1965,1949,1965,Closed,Withheld pending adv,2011-07-06 00:00:00,Open with exception,33(1)(a) | Withheld pending adv,2017-11-08 00:00:00,2317,6 years 126 days,http://www.naa.gov.au/cgi-bin/Search?O=I&Number=271607
1559365,A1838,689/2/11 PART 2,Papua New Guinea defence status of foreign forces agreement - Foreign,1974 - 1974,1974,1974,Closed,Withheld pending adv,2016-05-30 00:00:00,Open,,2017-02-17 00:00:00,263,0 years 263 days,http://www.naa.gov.au/cgi-bin/Search?O=I&Number=1559365
1559489,A1838,696/1/19/1 PART 1,ANZUK withdrawal JPC position papers,1973 - 1973,1973,1973,Closed,Withheld pending adv,2011-07-11 00:00:00,Open,,2017-02-27 00:00:00,2058,5 years 232 days,http://www.naa.gov.au/cgi-bin/Search?O=I&Number=1559489
273254,A1838,169/11/87 PART 18,India - Relations with China.,1962 - 1962,1962,1962,Closed,33(1)(a) | Withheld pending adv,2011-09-13 00:00:00,Open with exception,33(1)(a),2017-01-16 00:00:00,1952,5 years 126 days,http://www.naa.gov.au/cgi-bin/Search?O=I&Number=273254
273258,A1838,169/11/87 PART 13,India - Relations with Communist China.,1962 - 1962,1962,1962,Closed,Withheld pending adv,2011-09-19 00:00:00,Open with exception,33(1)(a),2017-01-13 00:00:00,1943,5 years 117 days,http://www.naa.gov.au/cgi-bin/Search?O=I&Number=273258
273259,A1838,169/11/87 PART 15,India - Relations with China,1962 - 1962,1962,1962,Closed,Withheld pending adv,2011-09-13 00:00:00,Open with exception,33(1)(a),2017-01-16 00:00:00,1952,5 years 126 days,http://www.naa.gov.au/cgi-bin/Search?O=I&Number=273259
273261,A1838,169/11/87 PART 17,India - Relations with China.,1962 - 1962,1962,1962,Closed,Withheld pending adv,2011-09-28 00:00:00,Open with exception,33(1)(a),2017-01-18 00:00:00,1939,5 years 113 days,http://www.naa.gov.au/cgi-bin/Search?O=I&Number=273261
273265,A1838,169/11/128 PART 1,India - Relations with South Africa.,1948 - 1964,1948,1964,Closed,Withheld pending adv,2011-07-06 00:00:00,Open,,2017-10-24 00:00:00,2302,6 years 111 days,http://www.naa.gov.au/cgi-bin/Search?O=I&Number=273265
277016,A1838,189/10/2 PART 2,Pakistan: Relations with Australia - Economic,1948 - 1963,1948,1963,Closed,Withheld pending adv,2015-08-06 00:00:00,Open,,2017-07-18 00:00:00,712,1 years 347 days,http://www.naa.gov.au/cgi-bin/Search?O=I&Number=277016
1589515,A1838,277/1/1/14 PART 5,South Pacific - Australian interests - 11th South Pacific Forum - Tarawa 1980,1980 - 1981,1980,1981,Closed,Withheld pending adv,2011-10-18 00:00:00,Open,,2017-11-07 00:00:00,2212,6 years 21 days,http://www.naa.gov.au/cgi-bin/Search?O=I&Number=1589515
1591718,A1838,929/32/4/10 PART 6,Human rights - Countries - Korea,1984 - 1985,1984,1985,Closed,Withheld pending adv,2014-04-17 00:00:00,Open with exception,33(1)(a),2017-08-23 00:00:00,1224,3 years 128 days,http://www.naa.gov.au/cgi-bin/Search?O=I&Number=1591718
1604475,A1838,249/2/7 PART 3,El Salvador - Political - Human rights,1983 - 1983,1983,1983,Closed,Withheld pending adv,2014-01-30 00:00:00,Open with exception,33(1)(a) | 33(1)(b) | Withheld pending adv,2017-01-11 00:00:00,1077,2 years 347 days,http://www.naa.gov.au/cgi-bin/Search?O=I&Number=1604475
1605974,A1838,250/9/9/25 PART 1,United States of America - Australian relations - Visit of Vice-President Rockefeller to Australia,1975 - 1976,1975,1976,Closed,Withheld pending adv,2016-06-23 00:00:00,Open,,2017-12-21 00:00:00,546,1 years 181 days,http://www.naa.gov.au/cgi-bin/Search?O=I&Number=1605974
1606013,A1838,250/9/9/31 PART 1,United States of America-Australia relations - Visitors to Australia - Vice-President Mr Bush,1981 - 1982,1981,1982,Closed,Withheld pending adv,2016-06-23 00:00:00,Open,,2017-10-26 00:00:00,490,1 years 125 days,http://www.naa.gov.au/cgi-bin/Search?O=I&Number=1606013
1606021,A1838,277/1/1/14 PART 1,South Pacific Australian interests - 11th South Pacific forum - Tarawa 1980,1979 - 1980,1979,1980,Closed,Withheld pending adv,2011-10-24 00:00:00,Open,,2017-07-25 00:00:00,2101,5 years 275 days,http://www.naa.gov.au/cgi-bin/Search?O=I&Number=1606021
1653871,A1838,625/14/2 PART 5,Australia's policy towards the PRC [Establishment of diplomatic relations],1972 - 1976,1972,1976,Closed,Withheld pending adv,2011-07-04 00:00:00,Open with exception,33(1)(a),2017-03-09 00:00:00,2075,5 years 249 days,http://www.naa.gov.au/cgi-bin/Search?O=I&Number=1653871
1653955,A1838,625/14/70 PART 1,PPP 70 - Australia and South East Asia,1975 - 1976,1975,1976,Closed,Withheld pending adv,2011-07-05 00:00:00,Open,,2017-10-16 00:00:00,2295,6 years 104 days,http://www.naa.gov.au/cgi-bin/Search?O=I&Number=1653955
1653978,A1838,625/15/2 PART 1,Policy planning - Defence policy,1975 - 1979,1975,1979,Closed,Withheld pending adv,2011-07-05 00:00:00,Open with exception,33(1)(a),2017-06-28 00:00:00,2185,5 years 359 days,http://www.naa.gov.au/cgi-bin/Search?O=I&Number=1653978
1654148,A1838,625/15/12 PART 5,Policy planning group - Australia and the non aligned movement,1975 - 1976,1975,1976,Closed,Withheld pending adv,2011-05-11 00:00:00,Open,,2017-05-18 00:00:00,2199,6 years 8 days,http://www.naa.gov.au/cgi-bin/Search?O=I&Number=1654148
1654169,A1838,625/15/22/5 PART 4,Attitudes to regional political organisations in South East Asia,1973 - 1975,1973,1975,Closed,Withheld pending adv,2011-07-06 00:00:00,Open with exception,33(1)(a),2017-06-22 00:00:00,2178,5 years 352 days,http://www.naa.gov.au/cgi-bin/Search?O=I&Number=1654169
1654245,A1838,625/15/29 PART 2,Policy planning - Antarctica,1976 - 1977,1976,1977,Closed,Withheld pending adv,2012-08-08 00:00:00,Open with exception,33(1)(a),2017-03-09 00:00:00,1674,4 years 213 days,http://www.naa.gov.au/cgi-bin/Search?O=I&Number=1654245
1654694,A1838,626/11/17 PART 6,Post liaison and guidance - Post files Colombo,1983 - 1984,1983,1984,Closed,Withheld pending adv,2013-10-31 00:00:00,Open with exception,33(1)(a),2017-03-23 00:00:00,1239,3 years 143 days,http://www.naa.gov.au/cgi-bin/Search?O=I&Number=1654694
1655058,A1838,626/11/68 PART 2,Post liaison and guidance - Post files Vientiane,1973 - 1978,1973,1978,Closed,Withheld pending adv,2011-05-09 00:00:00,Open with exception,33(1)(a),2017-01-17 00:00:00,2080,5 years 254 days,http://www.naa.gov.au/cgi-bin/Search?O=I&Number=1655058
1337438,A1838,160/11/148 PART 1,Ceylon [Sri Lanka] - Relations with Pakistan,1947 - 1975,1947,1975,Closed,33(1)(b) | 33(1)(a) | Withheld pending adv,2011-07-06 00:00:00,Open with exception,33(1)(a),2017-06-22 00:00:00,2178,5 years 352 days,http://www.naa.gov.au/cgi-bin/Search?O=I&Number=1337438
1655259,A1838,626/11/80 PART 3,Post liaison and guidance - Hanoi,1978 - 1980,1978,1980,Closed,Withheld pending adv,2011-04-28 00:00:00,Open with exception,33(1)(a),2017-01-24 00:00:00,2098,5 years 272 days,http://www.naa.gov.au/cgi-bin/Search?O=I&Number=1655259
1700179,A1838,250/2/1 PART 9,USA - Political - General,1968 - 1969,1968,1969,Closed,Withheld pending adv,2016-05-31 00:00:00,Open,,2017-01-25 00:00:00,239,0 years 239 days,http://www.naa.gov.au/cgi-bin/Search?O=I&Number=1700179
1700288,A1838,250/7/1 PART 19,USA - Foreign policy - General,1968 - 1968,1968,1968,Closed,Withheld pending adv,2016-05-16 00:00:00,Open,,2017-01-18 00:00:00,247,0 years 247 days,http://www.naa.gov.au/cgi-bin/Search?O=I&Number=1700288
1702089,A1838,250/10/7/6 PART 9,USA - Relations with Indonesia,1977 - 1978,1977,1978,Closed,Withheld pending adv,2010-07-16 00:00:00,Open with exception,33(1)(a),2017-01-20 00:00:00,2380,6 years 189 days,http://www.naa.gov.au/cgi-bin/Search?O=I&Number=1702089
1702111,A1838,250/10/7/9 PART 22,USA - Relations with Indo China,1969 - 1969,1969,1969,Closed,Withheld pending adv,2015-12-22 00:00:00,Open with exception,33(1)(a),2017-01-10 00:00:00,385,1 years 20 days,http://www.naa.gov.au/cgi-bin/Search?O=I&Number=1702111
1702114,A1838,250/10/7/9 PART 34,USA - Relations with Indo China,1978 - 1980,1978,1980,Closed,Withheld pending adv,2016-04-19 00:00:00,Open with exception,33(1)(a),2017-03-14 00:00:00,329,0 years 329 days,http://www.naa.gov.au/cgi-bin/Search?O=I&Number=1702114
1702253,A1838,250/11/12/3 PART 1,Political - USA - Defence - Disarmament - Chemical weapons and SDI,1985 - 1986,1985,1986,Closed,Withheld pending adv,2016-09-12 00:00:00,Open with exception,Withheld pending adv,2017-02-22 00:00:00,163,0 years 163 days,http://www.naa.gov.au/cgi-bin/Search?O=I&Number=1702253
1702292,A1838,250/11/16 PART 3,USA - Defence - SALT [Strategic Arms Limitation Talks],1978 - 1978,1978,1978,Closed,Withheld pending adv,2011-04-13 00:00:00,Open with exception,Withheld pending adv,2017-02-17 00:00:00,2137,5 years 311 days,http://www.naa.gov.au/cgi-bin/Search?O=I&Number=1702292
1702296,A1838,250/11/16 PART 6,USA - Defence - SALT [Strategic Arms Limitation Talks],1979 - 1979,1979,1979,Closed,Withheld pending adv,2011-04-12 00:00:00,Open with exception,33(1)(a) | Withheld pending adv,2017-02-20 00:00:00,2141,5 years 315 days,http://www.naa.gov.au/cgi-bin/Search?O=I&Number=1702296
1702299,A1838,250/11/16 PART 8,USA - Defence - SALT [Strategic Arms Limitation Talks],1979 - 1981,1979,1981,Closed,Withheld pending adv,2011-04-14 00:00:00,Open with exception,33(1)(a) | Withheld pending adv,2017-06-16 00:00:00,2255,6 years 64 days,http://www.naa.gov.au/cgi-bin/Search?O=I&Number=1702299
1702323,A1838,250/11/18 PART 9,USA - Defence - ANZUS,1982 - 1983,1982,1983,Closed,Withheld pending adv,2013-11-01 00:00:00,Open,,2017-04-04 00:00:00,1250,3 years 154 days,http://www.naa.gov.au/cgi-bin/Search?O=I&Number=1702323
1702327,A1838,250/11/18 PART 11,USA - Defence - ANZUS,1983 - 1984,1983,1984,Closed,Withheld pending adv,2013-11-01 00:00:00,Open with exception,33(1)(a),2017-03-24 00:00:00,1239,3 years 143 days,http://www.naa.gov.au/cgi-bin/Search?O=I&Number=1702327
1702336,A1838,250/11/18 PART 18,USA - Defence - ANZUS,1985 - 1985,1985,1985,Closed,Withheld pending adv,2013-11-01 00:00:00,Open with exception,33(1)(a),2017-04-11 00:00:00,1257,3 years 161 days,http://www.naa.gov.au/cgi-bin/Search?O=I&Number=1702336
1723283,A1838,915/12 PART 33,United Nations - Asian political - Kashmir UNMOGIP,1978 - 1985,1978,1985,Closed,Withheld pending adv,2011-06-18 00:00:00,Open with exception,33(1)(a),2017-05-18 00:00:00,2161,5 years 335 days,http://www.naa.gov.au/cgi-bin/Search?O=I&Number=1723283
1724895,A1838,919/8/9 PART 20,United Nations - Disarmament - Prohibition of use of nuclear weapons resolution 1653 - Control of missile system SALT [Strategic Arms Limitation Talks],1977 - 1977,1977,1977,Closed,Withheld pending adv,2011-04-13 00:00:00,Open with exception,33(1)(a),2017-06-21 00:00:00,2261,6 years 70 days,http://www.naa.gov.au/cgi-bin/Search?O=I&Number=1724895
1724896,A1838,919/8/9 PART 21,United Nations - Disarmament - Prohibition of use of nuclear weapons resolution 1653 - Control of missile system SALT [Strategic Arms Limitation Talks],1977 - 1977,1977,1977,Closed,Withheld pending adv,2011-04-11 00:00:00,Open with exception,33(1)(a),2017-05-18 00:00:00,2229,6 years 38 days,http://www.naa.gov.au/cgi-bin/Search?O=I&Number=1724896
1724897,A1838,919/8/9 PART 22,United Nations - Disarmament - Prohibition of use of nuclear weapons resolution 1653 - Control of missile system SALT [Strategic Arms Limitation Talks],1977 - 1978,1977,1978,Closed,Withheld pending adv,2011-04-13 00:00:00,Open with exception,33(1)(a) | Withheld pending adv,2017-05-18 00:00:00,2227,6 years 36 days,http://www.naa.gov.au/cgi-bin/Search?O=I&Number=1724897
1724898,A1838,919/8/9 PART 23,United Nations - Disarmament - Prohibition of use of nuclear weapons resolution 1653 - Control of missile system SALT [Strategic Arms Limitation Talks],1978 - 1978,1978,1978,Closed,Withheld pending adv,2011-04-15 00:00:00,Open with exception,33(1)(a) | Withheld pending adv,2017-04-06 00:00:00,2183,5 years 357 days,http://www.naa.gov.au/cgi-bin/Search?O=I&Number=1724898
1724899,A1838,919/8/9 PART 24,United Nations - Disarmament - Prohibition of use of nuclear weapons resolution 1653 - Control of missile system SALT [Strategic Arms Limitation Talks],1978 - 1979,1978,1979,Closed,33(1)(a) | Withheld pending adv,2011-04-12 00:00:00,Open with exception,33(1)(a) | Withheld pending adv,2017-02-24 00:00:00,2145,5 years 319 days,http://www.naa.gov.au/cgi-bin/Search?O=I&Number=1724899
1724900,A1838,919/8/9 PART 25,United Nations - Disarmament - Prohibition of the use of nuclear weapons resolution 1653 - Control of missile system SALT [Strategic Arms Limitation Talks],1979 - 1979,1979,1979,Closed,Withheld pending adv,2011-04-14 00:00:00,Open,,2017-03-14 00:00:00,2161,5 years 335 days,http://www.naa.gov.au/cgi-bin/Search?O=I&Number=1724900
1725245,A1838,919/8/11/7 PART 1,Nuclear - Chemical warfare - Iran Iraq,1983 - 1984,1983,1984,Closed,Withheld pending adv,2013-10-23 00:00:00,Open with exception,33(1)(a),2017-03-20 00:00:00,1244,3 years 148 days,http://www.naa.gov.au/cgi-bin/Search?O=I&Number=1725245
1725249,A1838,919/8/11/7 PART 4,Nuclear - Chemical warfare - Iran Iraq,1984 - 1984,1984,1984,Closed,Withheld pending adv,2013-10-23 00:00:00,Open,,2017-11-08 00:00:00,1477,4 years 16 days,http://www.naa.gov.au/cgi-bin/Search?O=I&Number=1725249
1725255,A1838,919/8/11/7 PART 9,Nuclear - Chemical warfare - Iran Iraq,1984 - 1985,1984,1985,Closed,Withheld pending adv,2013-10-23 00:00:00,Open with exception,33(1)(a),2017-04-12 00:00:00,1267,3 years 171 days,http://www.naa.gov.au/cgi-bin/Search?O=I&Number=1725255
1725256,A1838,919/8/11/7 PART 10,Nuclear - Chemical warfare - Iran Iraq,1985 - 1985,1985,1985,Closed,Withheld pending adv,2013-10-23 00:00:00,Open,,2017-03-22 00:00:00,1246,3 years 150 days,http://www.naa.gov.au/cgi-bin/Search?O=I&Number=1725256
1725260,A1838,528/1/4,Hong Kong - Communist activities in the colony,1967 - 1967,1967,1967,Closed,Withheld pending adv,2012-02-01 00:00:00,Open with exception,33(1)(a),2017-02-01 00:00:00,1827,5 years 1 days,http://www.naa.gov.au/cgi-bin/Search?O=I&Number=1725260
1726042,A1838,919/12/2 PART 4,Nuclear weapons - United States - Policy,1977 - 1977,1977,1977,Closed,Withheld pending adv,2011-04-12 00:00:00,Open with exception,33(1)(a),2017-02-27 00:00:00,2148,5 years 322 days,http://www.naa.gov.au/cgi-bin/Search?O=I&Number=1726042
1726676,A1838,929/32/3/7 PART 2,"Human rights - Countries - Africa, Zimbabwe",1983 - 1984,1983,1984,Closed,Withheld pending adv,2012-04-24 00:00:00,Open with exception,33(1)(a),2017-02-16 00:00:00,1759,4 years 298 days,http://www.naa.gov.au/cgi-bin/Search?O=I&Number=1726676
1728812,A1838,48/1/3 PART 6,Poland - Relations with Australia,1975 - 1977,1975,1977,Closed,Withheld pending adv,2016-04-19 00:00:00,Open with exception,33(1)(a) | Withheld pending adv,2017-08-31 00:00:00,499,1 years 134 days,http://www.naa.gov.au/cgi-bin/Search?O=I&Number=1728812
1389332,A1838,519/3/7,"Taiwan - Relations with India, Pakistan and other South Asia countries - South Asia general [2cms]",1950 - 1986,1950,1986,Closed,Withheld pending adv,2011-07-04 00:00:00,Open,,2017-05-12 00:00:00,2139,5 years 313 days,http://www.naa.gov.au/cgi-bin/Search?O=I&Number=1389332
1389123,A1838,528/1/3/6 PART 1,Hong Kong - Political situation status of Hong Kong - Attitudes of other countries Australia/NewZealand,1983 - 1983,1983,1983,Closed,Withheld pending adv,2016-04-05 00:00:00,Open with exception,33(1)(a) | Withheld pending adv,2017-02-27 00:00:00,328,0 years 328 days,http://www.naa.gov.au/cgi-bin/Search?O=I&Number=1389123
1389601,A1838,369/7 PART 1,New Zealand section - Freedom of Information Act - Matters including NZ Official Information Bill,1980 - 1985,1980,1985,Closed,Withheld pending adv,2012-07-09 00:00:00,Open with exception,33(1)(a),2017-06-30 00:00:00,1817,4 years 356 days,http://www.naa.gov.au/cgi-bin/Search?O=I&Number=1389601
1389739,A1838,317/1/1 PART 2,Solomon Islands - Administration and government personalities,1980 - 1982,1980,1982,Closed,Withheld pending adv,2011-08-29 00:00:00,Open with exception,33(1)(a) | 33(1)(d) | 33(1)(g),2017-12-22 00:00:00,2307,6 years 116 days,http://www.naa.gov.au/cgi-bin/Search?O=I&Number=1389739
1389857,A1838,319/1/3 PART 20,Gilbert and Ellice Islands - Colony resettlement of population Banabans Rabi,1978 - 1978,1978,1978,Closed,Withheld pending adv,2016-05-04 00:00:00,Open with exception,33(1)(a),2017-02-02 00:00:00,274,0 years 274 days,http://www.naa.gov.au/cgi-bin/Search?O=I&Number=1389857
1497541,A1838,323/1 PART 17,New Caledonia - Political developments - General,1979 - 1979,1979,1979,Closed,Withheld pending adv,2011-04-29 00:00:00,Open with exception,33(1)(a),2017-05-17 00:00:00,2210,6 years 19 days,http://www.naa.gov.au/cgi-bin/Search?O=I&Number=1497541
1497992,A1838,338/2/1 PART 3,New Hebrides - Australian representation,1977 - 1978,1977,1978,Closed,Withheld pending adv,2015-09-03 00:00:00,Open,,2017-12-05 00:00:00,824,2 years 94 days,http://www.naa.gov.au/cgi-bin/Search?O=I&Number=1497992
1500807,A1838,3006/4/3 PART 25,Indonesia - Relations with Portuguese Timor,1978 - 1979,1978,1979,Closed,Withheld pending adv,2011-10-17 00:00:00,Open with exception,33(1)(a),2017-11-22 00:00:00,2228,6 years 37 days,http://www.naa.gov.au/cgi-bin/Search?O=I&Number=1500807
1500809,A1838,3006/4/3 PART 27,Indonesia - Relations with Portuguese Timor,1980 - 1980,1980,1980,Closed,Withheld pending adv,2011-10-18 00:00:00,Open with exception,33(1)(a),2017-10-30 00:00:00,2204,6 years 13 days,http://www.naa.gov.au/cgi-bin/Search?O=I&Number=1500809
1505803,A1838,3038/9/1 PART 15,Portuguese Timor - Relations with UN,1981 - 1982,1981,1982,Closed,Withheld pending adv,2011-10-13 00:00:00,Open with exception,33(1)(a),2017-03-09 00:00:00,1974,5 years 148 days,http://www.naa.gov.au/cgi-bin/Search?O=I&Number=1505803
1728836,A1838,48/1/3 PART 21,Poland - Relations with Australia,1982 - 1982,1982,1982,Closed,Withheld pending adv,2016-05-31 00:00:00,Open,,2017-05-12 00:00:00,346,0 years 346 days,http://www.naa.gov.au/cgi-bin/Search?O=I&Number=1728836
1728876,A1838,48/1/3/12 PART 5,Poland - Foreign policy - Relations with Australia - Contingency measures,1981 - 1981,1981,1981,Closed,Withheld pending adv,2016-05-25 00:00:00,Open with exception,33(1)(a) | 33(1)(d),2017-05-19 00:00:00,359,0 years 359 days,http://www.naa.gov.au/cgi-bin/Search?O=I&Number=1728876
1729296,A1838,698/6 PART 3,Hong Kong,1967 - 1980,1967,1980,Closed,Withheld pending adv,2012-01-06 00:00:00,Open with exception,33(1)(a),2017-02-01 00:00:00,1853,5 years 27 days,http://www.naa.gov.au/cgi-bin/Search?O=I&Number=1729296
1729977,A1838,141/2/1 PART 5,Spanish Sahara - Political - General,1978 - 1982,1978,1982,Closed,Withheld pending adv,2013-06-19 00:00:00,Open with exception,33(1)(a),2017-01-10 00:00:00,1301,3 years 205 days,http://www.naa.gov.au/cgi-bin/Search?O=I&Number=1729977
1729979,A1838,141/7/1 PART 2,Spanish Sahara - External - General,1979 - 1980,1979,1980,Closed,Withheld pending adv,2013-06-21 00:00:00,Open with exception,33(1)(a),2017-11-23 00:00:00,1616,4 years 155 days,http://www.naa.gov.au/cgi-bin/Search?O=I&Number=1729979
1729982,A1838,141/7/1 PART 5,Spanish Sahara - External - General,1981 - 1982,1981,1982,Closed,Withheld pending adv,2013-06-21 00:00:00,Open with exception,33(1)(a),2017-11-29 00:00:00,1622,4 years 161 days,http://www.naa.gov.au/cgi-bin/Search?O=I&Number=1729982
1730803,A1838,3020/10/1 PART 8,North Vietnam - Relations with Australia - General,1975 - 1975,1975,1975,Closed,Withheld pending adv,2016-08-22 00:00:00,Open with exception,33(1)(a),2017-10-03 00:00:00,407,1 years 42 days,http://www.naa.gov.au/cgi-bin/Search?O=I&Number=1730803
1733296,A1838,69/1/3/1/1 PART 3,USSR [Union of Soviet Socialist Republics] - Relations with Australia - Trade negotiations - Fisheries,1980 - 1984,1980,1984,Closed,Withheld pending adv,2011-06-23 00:00:00,Open with exception,33(1)(a),2017-11-08 00:00:00,2330,6 years 139 days,http://www.naa.gov.au/cgi-bin/Search?O=I&Number=1733296
1389728,A1838,316/5 PART 2,Fiji - Defence,1973 - 1976,1973,1976,Closed,Withheld pending adv,2011-08-03 00:00:00,Open with exception,33(1)(a) | 33(1)(g),2017-02-14 00:00:00,2022,5 years 196 days,http://www.naa.gov.au/cgi-bin/Search?O=I&Number=1389728
1389754,A1838,370/1/20 PART 30,New Zealand - ANZAC and ANZUS including possible revision,1985 - 1985,1985,1985,Closed,33(1)(a) | Withheld pending adv,2016-08-08 00:00:00,Open with exception,33(1)(a),2017-05-23 00:00:00,288,0 years 288 days,http://www.naa.gov.au/cgi-bin/Search?O=I&Number=1389754
1389887,A1838,323/1 PART 11,New Caledonia - Political developments - General,1975 - 1976,1975,1976,Closed,Withheld pending adv,2011-04-27 00:00:00,Open with exception,33(1)(a),2017-03-27 00:00:00,2161,5 years 335 days,http://www.naa.gov.au/cgi-bin/Search?O=I&Number=1389887
1497542,A1838,323/1 PART 18,New Caledonia - Political developments - General,1979 - 1980,1979,1980,Closed,Withheld pending adv,2011-04-28 00:00:00,Open with exception,33(1)(a),2017-03-29 00:00:00,2162,5 years 336 days,http://www.naa.gov.au/cgi-bin/Search?O=I&Number=1497542
1497896,A1838,338/1 ANNEX,New Hebrides - Administration - General,1981 - 1981,1981,1981,Closed,Withheld pending adv,2015-09-02 00:00:00,Open,,2017-07-12 00:00:00,679,1 years 314 days,http://www.naa.gov.au/cgi-bin/Search?O=I&Number=1497896
1500808,A1838,3006/4/3 PART 26,Indonesia - Relations with Portuguese Timor,1979 - 1980,1979,1980,Closed,Withheld pending adv,2011-10-17 00:00:00,Open with exception,33(1)(a),2017-10-13 00:00:00,2188,5 years 362 days,http://www.naa.gov.au/cgi-bin/Search?O=I&Number=1500808
1504082,A1838,4010/6/9 PART 3,Breaches - Loss and leakage of information,1974 - 1976,1974,1976,Closed,Withheld pending adv,2014-04-07 00:00:00,Open with exception,33(1)(a) | 33(1)(d) | 33(1)(e)(ii) | 33(1)(e)(iii),2017-01-31 00:00:00,1030,2 years 300 days,http://www.naa.gov.au/cgi-bin/Search?O=I&Number=1504082
1504093,A1838,4010/6/38 PART 1,Breaches - Leak - Red Cross in East Timor,1983 - 1983,1983,1983,Closed,Withheld pending adv,2015-02-09 00:00:00,Open with exception,33(1)(a),2017-10-12 00:00:00,976,2 years 246 days,http://www.naa.gov.au/cgi-bin/Search?O=I&Number=1504093
1504807,A1838,3020/2/7 PART 11,Vietnam - Political - Human rights,1986 - 1986,1986,1986,Closed,Withheld pending adv,2015-01-08 00:00:00,Open with exception,33(1)(a),2017-05-19 00:00:00,862,2 years 132 days,http://www.naa.gov.au/cgi-bin/Search?O=I&Number=1504807
1505594,A1838,3027/10/6 PART 2,Malaysia - Australia relations - Australian representation,1969 - 1978,1969,1978,Closed,33(1)(a) | Withheld pending adv,2011-09-06 00:00:00,Open with exception,33(1)(a),2017-11-02 00:00:00,2249,6 years 58 days,http://www.naa.gov.au/cgi-bin/Search?O=I&Number=1505594
1505640,A1838,3027/11/87 PART 14,Malaysia - Relations with China,1980 - 1982,1980,1982,Closed,Withheld pending adv,2015-01-29 00:00:00,Open with exception,33(1)(a),2017-08-24 00:00:00,938,2 years 208 days,http://www.naa.gov.au/cgi-bin/Search?O=I&Number=1505640
1505728,A1838,3038/2/1/1 PART 1,Timor Fretilin - Contacts with Indonesia,1983 - 1983,1983,1983,Closed,Withheld pending adv,2015-02-06 00:00:00,Open with exception,33(1)(a) | Withheld pending adv,2017-10-26 00:00:00,993,2 years 263 days,http://www.naa.gov.au/cgi-bin/Search?O=I&Number=1505728
1505780,A1838,3038/7/2 PART 18,East Timor - External - Refugees,1981 - 1982,1981,1982,Closed,Withheld pending adv,2015-07-27 00:00:00,Open,,2017-06-29 00:00:00,703,1 years 338 days,http://www.naa.gov.au/cgi-bin/Search?O=I&Number=1505780
1505932,A1838,3038/10/3 PART 6,East Timor Fretelin [Fretilin] and pro Fretelin [Fretilin] activities in Australia,1982 - 1982,1982,1982,Closed,Withheld pending adv,2015-05-06 00:00:00,Open with exception,33(1)(a),2017-11-07 00:00:00,916,2 years 186 days,http://www.naa.gov.au/cgi-bin/Search?O=I&Number=1505932
1509095,A1838,3034/7/4 PART 9,Indonesia - ASEAN,1979 - 1986,1979,1986,Closed,Withheld pending adv,2010-05-21 00:00:00,Open with exception,33(1)(a),2017-01-19 00:00:00,2435,6 years 244 days,http://www.naa.gov.au/cgi-bin/Search?O=I&Number=1509095
1509152,A1838,3034/10/1/8 PART 1 ANNEX,Indonesia - Relations with Australia - Official discussions with Indonesia,1972 - 1979,1972,1979,Closed,33(1)(b) | 33(1)(a) | Withheld pending adv,2010-08-05 00:00:00,Open with exception,33(1)(a),2017-04-12 00:00:00,2442,6 years 251 days,http://www.naa.gov.au/cgi-bin/Search?O=I&Number=1509152
1509398,A1838,3034/11/52 PART 9,Indonesia - Relations with USSR,1968 - 1969,1968,1969,Closed,Withheld pending adv,2010-05-25 00:00:00,Open with exception,33(1)(a),2017-01-19 00:00:00,2431,6 years 240 days,http://www.naa.gov.au/cgi-bin/Search?O=I&Number=1509398
1511121,A1838,3107/40/87 PART 24,China - Relations with Japan,1975 - 1976,1975,1976,Closed,33(2)(a) | 33(2)(b) | Withheld pending adv,2016-05-04 00:00:00,Open with exception,33(1)(a),2017-07-12 00:00:00,434,1 years 69 days,http://www.naa.gov.au/cgi-bin/Search?O=I&Number=1511121
1511644,A1838,3107/40/147 PART 13,China - Relations with India,1962 - 1962,1962,1962,Closed,Withheld pending adv,2011-09-13 00:00:00,Open with exception,33(1)(a),2017-01-17 00:00:00,1953,5 years 127 days,http://www.naa.gov.au/cgi-bin/Search?O=I&Number=1511644
1512252,A1838,3103/4/4 PART 3,Japan - General energy problems,1977 - 1977,1977,1977,Closed,Withheld pending adv,2012-04-16 00:00:00,Open with exception,33(1)(a),2017-02-21 00:00:00,1772,4 years 311 days,http://www.naa.gov.au/cgi-bin/Search?O=I&Number=1512252
1512335,A1838,3103/11/87 PART 53,Japan - Relations with China,1977 - 1977,1977,1977,Closed,Withheld pending adv,2016-05-04 00:00:00,Open with exception,33(1)(a) | 33(1)(b),2017-02-22 00:00:00,294,0 years 294 days,http://www.naa.gov.au/cgi-bin/Search?O=I&Number=1512335
1512380,A1838,3103/9/3/7 PART 8,Japan - Relations with international organisations - Japan - Attitudes to ASEAN,1977 - 1978,1977,1978,Closed,Withheld pending adv,2011-06-06 00:00:00,Open with exception,33(1)(a),2017-06-30 00:00:00,2216,6 years 25 days,http://www.naa.gov.au/cgi-bin/Search?O=I&Number=1512380
1744675,A1838,69/1/4/30/4 PART 1,USSR [Union of Soviet Socialist Republics] - Foreign policy - Relations with other countries - Afghanistan - Proposals for a political settlement,1970 - 1980,1970,1980,Closed,Withheld pending adv,2016-12-21 00:00:00,Open with exception,33(1)(a),2017-10-06 00:00:00,289,0 years 289 days,http://www.naa.gov.au/cgi-bin/Search?O=I&Number=1744675
1744958,A1838,181/15 PART 29,Middle East - Palestine Liberation Organisation,1981 - 1981,1981,1981,Closed,Withheld pending adv,2016-04-19 00:00:00,Open with exception,33(1)(a),2017-02-02 00:00:00,289,0 years 289 days,http://www.naa.gov.au/cgi-bin/Search?O=I&Number=1744958
1744969,A1838,181/15 PART 37,Middle East - Palestine Liberation Organisation,1983 - 1983,1983,1983,Closed,Withheld pending adv,2016-04-19 00:00:00,Open with exception,33(1)(a) | Withheld pending adv,2017-02-02 00:00:00,289,0 years 289 days,http://www.naa.gov.au/cgi-bin/Search?O=I&Number=1744969
1745175,A1838,73/1/3/11 PART 5,Yugoslavia - Foreign policy - Relations with Australia - Visitors to Australia,1979 - 1979,1979,1979,Closed,Withheld pending adv,2016-05-25 00:00:00,Open,,2017-11-29 00:00:00,553,1 years 188 days,http://www.naa.gov.au/cgi-bin/Search?O=I&Number=1745175
1745180,A1838,73/1/3/11/1 PART 2,Yugoslavia - Relations with Australia - Visit of Yugoslav Prime Minister,1973 - 1983,1973,1983,Closed,Withheld pending adv,2016-08-24 00:00:00,Open,,2017-07-24 00:00:00,334,0 years 334 days,http://www.naa.gov.au/cgi-bin/Search?O=I&Number=1745180
1745199,A1838,73/1/3/13 PART 14,Yugoslavia - Foreign policy - Extremism - General,1977 - 1978,1977,1978,Closed,Withheld pending adv,2016-04-19 00:00:00,Open with exception,33(1)(d) | 33(1)(e)(ii) | 33(1)(g),2017-01-17 00:00:00,273,0 years 273 days,http://www.naa.gov.au/cgi-bin/Search?O=I&Number=1745199
1509399,A1838,3034/11/52 PART 14,Indonesia - Relations with USSR,1976 - 1979,1976,1979,Closed,Withheld pending adv,2010-05-25 00:00:00,Open with exception,33(1)(a) | Withheld pending adv,2017-02-02 00:00:00,2445,6 years 254 days,http://www.naa.gov.au/cgi-bin/Search?O=I&Number=1509399
1511124,A1838,3107/40/87 PART 25,China - Relations with Japan,1976 - 1977,1976,1977,Closed,Withheld pending adv,2015-04-28 00:00:00,Open with exception,33(1)(a),2017-06-22 00:00:00,786,2 years 56 days,http://www.naa.gov.au/cgi-bin/Search?O=I&Number=1511124
1511634,A1838,3107/40/147 PART 7,China - Foreign policy - Relations with India,1959 - 1959,1959,1959,Closed,Withheld pending adv,2011-09-06 00:00:00,Open with exception,33(1)(a),2017-01-12 00:00:00,1955,5 years 129 days,http://www.naa.gov.au/cgi-bin/Search?O=I&Number=1511634
1511638,A1838,3107/40/147 PART 10,China - Relations with foreign countries - India,1960 - 1961,1960,1961,Closed,Withheld pending adv,2015-12-07 00:00:00,Open with exception,33(1)(a),2017-10-25 00:00:00,688,1 years 323 days,http://www.naa.gov.au/cgi-bin/Search?O=I&Number=1511638
1511642,A1838,3107/40/147 PART 12,China - Relations with India,1962 - 1962,1962,1962,Closed,Withheld pending adv,2011-09-13 00:00:00,Open with exception,33(1)(a),2017-01-10 00:00:00,1946,5 years 120 days,http://www.naa.gov.au/cgi-bin/Search?O=I&Number=1511642
1511664,A1838,3107/40/147 PART 21,China - Relations with India,1963 - 1964,1963,1964,Closed,Withheld pending adv,2015-12-10 00:00:00,Open with exception,33(1)(a),2017-11-01 00:00:00,692,1 years 327 days,http://www.naa.gov.au/cgi-bin/Search?O=I&Number=1511664
1511676,A1838,3107/40/147 PART 39,China - Relations with India,1981 - 1983,1981,1983,Closed,Withheld pending adv,2016-04-18 00:00:00,Open with exception,33(1)(a) | Withheld pending adv,2017-01-19 00:00:00,276,0 years 276 days,http://www.naa.gov.au/cgi-bin/Search?O=I&Number=1511676
1512026,A1838,3107/38/1/4 PART 6,Peking - Correspondence between Department and Peking Embassy on its role,1981 - 1982,1981,1982,Closed,Withheld pending adv,2014-06-18 00:00:00,Open with exception,33(1)(a),2017-02-07 00:00:00,965,2 years 235 days,http://www.naa.gov.au/cgi-bin/Search?O=I&Number=1512026
1512254,A1838,3103/4/4 PART 4,Japan - General energy problems,1977 - 1978,1977,1978,Closed,Withheld pending adv,2012-04-16 00:00:00,Open with exception,33(1)(a),2017-02-20 00:00:00,1771,4 years 310 days,http://www.naa.gov.au/cgi-bin/Search?O=I&Number=1512254
1512471,A1838,3103/11/112 PART 5,Japan - Relations with Cambodia,1979 - 1980,1979,1980,Closed,Withheld pending adv,2010-09-21 00:00:00,Open,Withheld pending adv,2017-11-16 00:00:00,2613,7 years 56 days,http://www.naa.gov.au/cgi-bin/Search?O=I&Number=1512471
1513545,A1838,3127/10/1 PART 25,South Korea - Relations with Australia,1981 - 1981,1981,1981,Closed,Withheld pending adv,2015-11-23 00:00:00,Open with exception,33(1)(a),2017-08-23 00:00:00,639,1 years 274 days,http://www.naa.gov.au/cgi-bin/Search?O=I&Number=1513545
1513710,A1838,3125/2/1 PART 16,North Korea - Political,1981 - 1981,1981,1981,Closed,Withheld pending adv,2016-04-20 00:00:00,Open with exception,33(1)(a),2017-02-07 00:00:00,293,0 years 293 days,http://www.naa.gov.au/cgi-bin/Search?O=I&Number=1513710
1514161,A1838,3081/12/3 PART 7,Papua New Guinea defence and intelligence arrangements with Australia,1976 - 1976,1976,1976,Closed,Withheld pending adv,2011-06-29 00:00:00,Open with exception,33(1)(a),2017-04-12 00:00:00,2114,5 years 288 days,http://www.naa.gov.au/cgi-bin/Search?O=I&Number=1514161
1514162,A1838,3081/12/3 PART 8,Papua New Guinea defence and intelligence arrangements with Australia,1976 - 1976,1976,1976,Closed,Withheld pending adv,2011-06-28 00:00:00,Open with exception,33(1)(a),2017-02-16 00:00:00,2060,5 years 234 days,http://www.naa.gov.au/cgi-bin/Search?O=I&Number=1514162
1514164,A1838,3081/12/3 PART 9,Papua New Guinea defence and intelligence arrangements with Australia,1976 - 1977,1976,1977,Closed,Withheld pending adv,2011-06-28 00:00:00,Open with exception,33(1)(a),2017-01-24 00:00:00,2037,5 years 211 days,http://www.naa.gov.au/cgi-bin/Search?O=I&Number=1514164
1514166,A1838,3081/12/3 PART 10,Papua New Guinea defence and intelligence arrangements with Australia,1977 - 1977,1977,1977,Closed,Withheld pending adv,2011-06-29 00:00:00,Open with exception,33(1)(a) | 33(1)(g),2017-02-17 00:00:00,2060,5 years 234 days,http://www.naa.gov.au/cgi-bin/Search?O=I&Number=1514166
3336980,A1838,1490/17/8 PART 1,Legal aspects of Papua New Guinea Independence - Papua New Guinea Bouganville,1975 - 1975,1975,1975,Closed,Withheld pending adv,2016-04-27 00:00:00,Open with exception,33(1)(a) | 33(1)(d),2017-10-18 00:00:00,539,1 years 174 days,http://www.naa.gov.au/cgi-bin/Search?O=I&Number=3336980
3338467,A1838,1558/1/44 PART 2,International Court of Justice - Advisory opinions French Nuclear tests Australia vs France,1972 - 1973,1972,1973,Closed,Withheld pending adv,2016-05-16 00:00:00,Open with exception,33(1)(a) | Withheld pending adv,2017-05-17 00:00:00,366,1 years 1 days,http://www.naa.gov.au/cgi-bin/Search?O=I&Number=3338467
3352307,A1838,1500/1/3/53,Diplomatic representatives in Australia - USSR [Union of Soviet Socialist Republics] - Pravda correspondent,1962 - 1982,1962,1982,Closed,Withheld pending adv,2014-10-28 00:00:00,Open with exception,33(1)(a) | 33(1)(d),2017-02-01 00:00:00,827,2 years 97 days,http://www.naa.gov.au/cgi-bin/Search?O=I&Number=3352307
546438,A1838,919/13/4 PART 32,France - Disarmament - Nuclear Weapons Testing,1972 - 1972,1972,1972,Closed,Withheld pending adv,2016-10-17 00:00:00,Open with exception,33(1)(a),2017-11-22 00:00:00,401,1 years 36 days,http://www.naa.gov.au/cgi-bin/Search?O=I&Number=546438
548141,A1838,3107/2/10/1 PART 3,China - Political - United States State Department or other Despatches - Annual - Semi-Annual Correspondence Only,1972 - 1973,1972,1973,Closed,Withheld pending adv,2011-12-07 00:00:00,Open with exception,33(1)(a),2017-05-24 00:00:00,1995,5 years 169 days,http://www.naa.gov.au/cgi-bin/Search?O=I&Number=548141
548232,A1838,3107/40/161 PART 23,Communist China - Relations with United States of America,1971 - 1971,1971,1971,Closed,Withheld pending adv,2011-12-08 00:00:00,Open with exception,33(1)(a),2017-01-25 00:00:00,1875,5 years 49 days,http://www.naa.gov.au/cgi-bin/Search?O=I&Number=548232
3333919,A1838,1652/3/1 PART 3,Terrorism - Domestic violence in Australia - General,1981 - 1983,1981,1983,Closed,Withheld pending adv,2014-12-01 00:00:00,Open with exception,33(1)(a) | 33(1)(d) | 33(1)(g),2017-03-06 00:00:00,826,2 years 96 days,http://www.naa.gov.au/cgi-bin/Search?O=I&Number=3333919
3338480,A1838,1558/1/44 PART 19,International Court of Justice - Advisory opinions French Nuclear tests Australia vs France,1973 - 1973,1973,1973,Closed,Withheld pending adv,2016-05-04 00:00:00,Open,,2017-06-30 00:00:00,422,1 years 57 days,http://www.naa.gov.au/cgi-bin/Search?O=I&Number=3338480
450910,A1838,1495/9/1 PART 2,Antarctica - Japanese interests [3cm],1962 - 1969,1962,1969,Closed,33(1)(a) | Withheld pending adv,2010-08-02 00:00:00,Open with exception,33(1)(a),2017-05-18 00:00:00,2481,6 years 290 days,http://www.naa.gov.au/cgi-bin/Search?O=I&Number=450910
548371,A1838,3127/1/1 PART 2,Korea - Internal General - Including Tours by Australian Representatives,1968 - 1971,1968,1971,Closed,Withheld pending adv,2016-08-08 00:00:00,Open with exception,33(1)(a),2017-02-14 00:00:00,190,0 years 190 days,http://www.naa.gov.au/cgi-bin/Search?O=I&Number=548371
548523,A1838,3107/38/1,China - Relations with Australia - Australian Representation,1961 - 1973,1961,1973,Closed,Withheld pending adv,2012-06-25 00:00:00,Open with exception,33(1)(a),2017-06-29 00:00:00,1830,5 years 4 days,http://www.naa.gov.au/cgi-bin/Search?O=I&Number=548523
548532,A1838,3107/38/1/2 PART 1,China - Relations with Australia - Australian Representatives - Social Contact with People's Republic of China Diplomats,1971 - 1972,1971,1972,Closed,Withheld pending adv,2011-06-18 00:00:00,Open with exception,33(1)(a),2017-07-25 00:00:00,2229,6 years 38 days,http://www.naa.gov.au/cgi-bin/Search?O=I&Number=548532
548582,A1838,3107/38/8 PART 2,China - Relations with Australia - Cultural & Scientific,1973 - 1974,1973,1974,Closed,Withheld pending adv,2012-05-17 00:00:00,Open,,2017-10-05 00:00:00,1967,5 years 141 days,http://www.naa.gov.au/cgi-bin/Search?O=I&Number=548582
549644,A1838,3020/2/1 PART 22,North Vietnam - Political - General,1973 - 1974,1973,1974,Closed,Withheld pending adv,2010-05-28 00:00:00,Open with exception,33(1)(a),2017-01-10 00:00:00,2419,6 years 228 days,http://www.naa.gov.au/cgi-bin/Search?O=I&Number=549644
550615,A1838,3034/10/11/20 PART 3,Visit to Indonesia by Prime Minister - Mr [Edward Gough] Whitlam 1973,1973 - 1973,1973,1973,Closed,Withheld pending adv,2013-11-12 00:00:00,Open with exception,33(1)(a),2017-06-30 00:00:00,1326,3 years 230 days,http://www.naa.gov.au/cgi-bin/Search?O=I&Number=550615
550704,A1838,3034/11/161 PART 17,Indonesia - Relations with USA,1972 - 1975,1972,1975,Closed,33(1)(b) | 33(1)(a) | Withheld pending adv,2013-05-23 00:00:00,Open with exception,33(1)(a),2017-01-25 00:00:00,1343,3 years 247 days,http://www.naa.gov.au/cgi-bin/Search?O=I&Number=550704
553128,A1838,528/1/4 PART 3,Hong Kong - Communist Activities within the Colony,1967 - 1967,1967,1967,Closed,Withheld pending adv,2010-06-11 00:00:00,Open with exception,33(1)(a),2017-02-14 00:00:00,2440,6 years 249 days,http://www.naa.gov.au/cgi-bin/Search?O=I&Number=553128
565279,A1838,250/9/10/1,United States of America - Relations with Australia - Australian visitors to United States of America - Security questions,1951 - 1965,1951,1965,Closed,Withheld pending adv,2011-11-04 00:00:00,Open,,2017-07-24 00:00:00,2089,5 years 263 days,http://www.naa.gov.au/cgi-bin/Search?O=I&Number=565279
573898,A1838,932/5/26 PART 1,United Nations - Refugees - East Pakistani refugees,1971 - 1971,1971,1971,Closed,Withheld pending adv,2014-05-26 00:00:00,Open with exception,33(1)(a),2017-06-22 00:00:00,1123,3 years 27 days,http://www.naa.gov.au/cgi-bin/Search?O=I&Number=573898
580304,A1838,766/3/64 PART 1,China - Relations with Guinea,1960 - 1971,1960,1971,Closed,Withheld pending adv,2016-04-11 00:00:00,Open with exception,33(1)(a),2017-02-21 00:00:00,316,0 years 316 days,http://www.naa.gov.au/cgi-bin/Search?O=I&Number=580304
581615,A1838,73/1/3 PART 6,Yugoslavia - Foreign Policy - Relations with Australia,1967 - 1968,1967,1968,Closed,Withheld pending adv,2016-07-08 00:00:00,Open,,2017-06-23 00:00:00,350,0 years 350 days,http://www.naa.gov.au/cgi-bin/Search?O=I&Number=581615
581621,A1838,73/1/3 PART 8,Yugoslavia - Relations with Australia,1968 - 1969,1968,1969,Closed,Withheld pending adv,2015-12-10 00:00:00,Open with exception,Withheld pending adv,2017-11-30 00:00:00,721,1 years 356 days,http://www.naa.gov.au/cgi-bin/Search?O=I&Number=581621
583746,A1838,141/2/1 PART 1,Spanish Sahara - Political - General,1975 - 1975,1975,1975,Closed,Withheld pending adv,2015-05-06 00:00:00,Open with exception,33(1)(a),2017-11-28 00:00:00,937,2 years 207 days,http://www.naa.gov.au/cgi-bin/Search?O=I&Number=583746
585087,A1838,250/2/1 PART 13,United States of America - Political - General,1969 - 1970,1969,1970,Closed,Withheld pending adv,2016-05-30 00:00:00,Open,,2017-02-23 00:00:00,269,0 years 269 days,http://www.naa.gov.au/cgi-bin/Search?O=I&Number=585087
585161,A1838,1500/1/24/2/2 PART 1,Diplomatic Representatives in Australia Protection of Diplomatic & Consular Premises Yugoslav Embassy Canberra and Consulate General Sydney,1966 - 1969,1966,1969,Closed,Withheld pending adv,2016-04-19 00:00:00,Open with exception,33(1)(d) | 33(1)(e)(iii),2017-04-06 00:00:00,352,0 years 352 days,http://www.naa.gov.au/cgi-bin/Search?O=I&Number=585161
545877,A1838,914/8 PART 1,"United Nations Security Council, Oman",1957 - 1962,1957,1962,Closed,Withheld pending adv,2016-07-01 00:00:00,Open,,2017-12-01 00:00:00,518,1 years 153 days,http://www.naa.gov.au/cgi-bin/Search?O=I&Number=545877
546444,A1838,919/13/4 PART 34,France - Disarmament - Nuclear Weapons Testing,1972 - 1972,1972,1972,Closed,Withheld pending adv,2016-04-19 00:00:00,Open with exception,33(1)(a),2017-06-21 00:00:00,428,1 years 63 days,http://www.naa.gov.au/cgi-bin/Search?O=I&Number=546444
548312,A1838,3123/2 PART 20,Korea - Consideration of Korean Question by General Assembly,1975 - 1975,1975,1975,Closed,Withheld pending adv,2016-08-29 00:00:00,Open with exception,33(1)(a),2017-11-16 00:00:00,444,1 years 79 days,http://www.naa.gov.au/cgi-bin/Search?O=I&Number=548312
548733,A1838,3107/40/87 PART 5,China - Relations with Japan,1971 - 1971,1971,1971,Closed,Withheld pending adv,2016-05-04 00:00:00,Open with exception,33(1)(a),2017-07-12 00:00:00,434,1 years 69 days,http://www.naa.gov.au/cgi-bin/Search?O=I&Number=548733
548772,A1838,316/2/1/5 PART 1,Fiji - Australia - Relations - Annual Review of Australian Relations,1968 - 1975,1968,1975,Closed,Withheld pending adv,2011-08-02 00:00:00,Open with exception,33(1)(a),2017-02-17 00:00:00,2026,5 years 200 days,http://www.naa.gov.au/cgi-bin/Search?O=I&Number=548772
549817,A1838,3024/3/6/1 PART 3,Singapore - Information - Press,1965 - 1971,1965,1971,Closed,Withheld pending adv,2011-07-12 00:00:00,Open with exception,33(1)(a),2017-11-22 00:00:00,2325,6 years 134 days,http://www.naa.gov.au/cgi-bin/Search?O=I&Number=549817
547242,A1838,3004/13/18 PART 1,Neutralism in South East Asia [2cms],1959 - 1971,1959,1971,Closed,Withheld pending adv,2011-07-06 00:00:00,Open with exception,33(1)(a),2017-11-21 00:00:00,2330,6 years 139 days,http://www.naa.gov.au/cgi-bin/Search?O=I&Number=547242
548238,A1838,3107/40/161 PART 27,China - Relations with United States of America,1972 - 1972,1972,1972,Closed,Withheld pending adv,2011-12-08 00:00:00,Open with exception,33(1)(a),2017-02-14 00:00:00,1895,5 years 69 days,http://www.naa.gov.au/cgi-bin/Search?O=I&Number=548238
548299,A1838,3123/2 PART 10,Korea - Consideration of Korean Question by General Assembly,1971 - 1972,1971,1972,Closed,Withheld pending adv,2016-04-19 00:00:00,Open with exception,33(1)(a),2017-07-27 00:00:00,464,1 years 99 days,http://www.naa.gov.au/cgi-bin/Search?O=I&Number=548299
548307,A1838,3123/2 PART 16,Korea - Consideration of Korean Question by General Assembly,1973 - 1974,1973,1974,Closed,Withheld pending adv,2016-04-18 00:00:00,Open with exception,33(1)(a),2017-02-01 00:00:00,289,0 years 289 days,http://www.naa.gov.au/cgi-bin/Search?O=I&Number=548307
548369,A1838,3126/2/2 PART 1,DPRK - Republic of Korea - Relations Military Confrontation - Yellow Sea Islands,1972 - 1974,1972,1974,Closed,Withheld pending adv,2015-03-12 00:00:00,Open with exception,33(1)(a),2017-01-18 00:00:00,678,1 years 313 days,http://www.naa.gov.au/cgi-bin/Search?O=I&Number=548369
586173,A1838,3107/2/2 PART 2,China - Political Information - United Kingdom - Summaries,1959 - 1961,1959,1961,Closed,Withheld pending adv,2011-12-09 00:00:00,Open,,2017-06-21 00:00:00,2021,5 years 195 days,http://www.naa.gov.au/cgi-bin/Search?O=I&Number=586173
586407,A1838,3004/12/16 PART 2,South East Asia - General - Joint Intelligence Committee - Far East Review of Current Intelligence [JIC FE],1957 - 1961,1957,1961,Closed,33(1)(b) | 33(1)(a) | Withheld pending adv,1900-10-29 00:00:00,Open with exception,33(1)(a),2017-01-16 00:00:00,42448,116 years 79 days,http://www.naa.gov.au/cgi-bin/Search?O=I&Number=586407
587935,A1838,73/1/3 PART 10,Yugoslavia - Relations with Australia,1970 - 1970,1970,1970,Closed,Withheld pending adv,2015-12-10 00:00:00,Open with exception,33(1)(a) | Withheld pending adv,2017-10-24 00:00:00,684,1 years 319 days,http://www.naa.gov.au/cgi-bin/Search?O=I&Number=587935
588006,A1838,73/1/6 PART 14,Yugoslavia - Non-Aligned Nations Conference,1973 - 01 Jan 1800,1973,1800,Closed,Withheld pending adv,2010-07-16 00:00:00,Open with exception,33(1)(a),2017-02-16 00:00:00,2407,6 years 216 days,http://www.naa.gov.au/cgi-bin/Search?O=I&Number=588006
588832,A1838,740/3/14,Asia and Far East Relations with the United Kingdom,1961 - 1974,1961,1974,Closed,Withheld pending adv,2011-07-04 00:00:00,Open,,2017-07-26 00:00:00,2214,6 years 23 days,http://www.naa.gov.au/cgi-bin/Search?O=I&Number=588832
589331,A1838,175/2/1 PART 8,Israel - Political - General,1969 - 1970,1969,1970,Closed,Withheld pending adv,2015-07-21 00:00:00,Open with exception,33(1)(a),2017-06-28 00:00:00,708,1 years 343 days,http://www.naa.gov.au/cgi-bin/Search?O=I&Number=589331
589392,A1838,175/11/38 PART 3,Israel - Relations with Egypt,1968 - 1974,1968,1974,Closed,Withheld pending adv,2015-04-01 00:00:00,Open with exception,33(1)(a),2017-02-22 00:00:00,693,1 years 328 days,http://www.naa.gov.au/cgi-bin/Search?O=I&Number=589392
550613,A1838,3034/10/11/20 PART 2,Visit to Indonesia by Prime Minister - Mr [Edward Gough] Whitlam 1973,1973 - 1973,1973,1973,Closed,Withheld pending adv,2013-11-12 00:00:00,Open with exception,33(1)(a),2017-06-29 00:00:00,1325,3 years 229 days,http://www.naa.gov.au/cgi-bin/Search?O=I&Number=550613
550671,A1838,3034/11/52 PART 13,Indonesia - Relations with USSR,1972 - 1975,1972,1975,Closed,Withheld pending adv,2010-05-21 00:00:00,Open with exception,33(1)(a),2017-01-27 00:00:00,2443,6 years 252 days,http://www.naa.gov.au/cgi-bin/Search?O=I&Number=550671
550870,A1838,3036/10/6/1 PART 4,West Irian - Relations with Australia - Political - Indonesian Attitude to PNG,1973 - 1973,1973,1973,Closed,Withheld pending adv,2015-03-27 00:00:00,Open,,2017-02-14 00:00:00,690,1 years 325 days,http://www.naa.gov.au/cgi-bin/Search?O=I&Number=550870
551763,A1838,748/2/4 PART 1,Vietnam - Industry and raw materials,1955 - 1971,1955,1971,Closed,Pre Access Recorder | Closed period | 33(1)(b) | 33(1)(a) | Withheld pending adv,2011-03-25 00:00:00,Open,,2017-04-13 00:00:00,2211,6 years 20 days,http://www.naa.gov.au/cgi-bin/Search?O=I&Number=551763
552175,A1838,766/1 PART 10,Communist China - Economic Relations with Australia,1971 - 1971,1971,1971,Closed,Withheld pending adv,2012-02-06 00:00:00,Open,Withheld pending adv,2017-10-25 00:00:00,2088,5 years 262 days,http://www.naa.gov.au/cgi-bin/Search?O=I&Number=552175
552198,A1838,766/1 PART 22,China - Economic Relations with Australia,1974 - 1975,1974,1975,Closed,Withheld pending adv,2012-02-27 00:00:00,Open,,2017-10-18 00:00:00,2060,5 years 234 days,http://www.naa.gov.au/cgi-bin/Search?O=I&Number=552198
553131,A1838,528/1/4 PART 5,Hong Kong - Communist Activities within the Colony,1967 - 1967,1967,1967,Closed,Withheld pending adv,2010-06-11 00:00:00,Open with exception,33(1)(a),2017-05-17 00:00:00,2532,6 years 341 days,http://www.naa.gov.au/cgi-bin/Search?O=I&Number=553131
557875,A1838,3020/10/1 PART 5,North Vietnam - Relations with Australia - General,1974 - 1974,1974,1974,Closed,Withheld pending adv,2016-05-30 00:00:00,Open,,2017-01-25 00:00:00,240,0 years 240 days,http://www.naa.gov.au/cgi-bin/Search?O=I&Number=557875
572269,A1838,914/8 PART 2,United Nations - Oman - Security Council,1963 - 1965,1963,1965,Closed,Withheld pending adv,2016-07-01 00:00:00,Open,,2017-06-29 00:00:00,363,0 years 363 days,http://www.naa.gov.au/cgi-bin/Search?O=I&Number=572269
581455,A1838,69/1/1/16/1 PART 9,USSR - Foreign Policy - Communist International [Comintern] Front Organisations - World Peace Council,1967 - 1969,1967,1969,Closed,Withheld pending adv,2014-12-01 00:00:00,Open with exception,33(1)(a),2017-10-27 00:00:00,1061,2 years 331 days,http://www.naa.gov.au/cgi-bin/Search?O=I&Number=581455
548577,A1838,3080/12/3 PART 7,Papua New Guinea - Relations with Japan,1974 - 1974,1974,1974,Closed,Withheld pending adv,2017-01-03 00:00:00,Open with exception,33(1)(a),2017-11-23 00:00:00,324,0 years 324 days,http://www.naa.gov.au/cgi-bin/Search?O=I&Number=548577
549645,A1838,3020/2/1 PART 23,North Vietnam - Political - General,1974 - 1975,1974,1975,Closed,Withheld pending adv,2011-04-27 00:00:00,Open with exception,33(1)(a),2017-04-13 00:00:00,2178,5 years 352 days,http://www.naa.gov.au/cgi-bin/Search?O=I&Number=549645
550710,A1838,3034/12/1 PART 14,Indonesia - Armed Forces & Defence Interests,1973 - 1974,1973,1974,Closed,Withheld pending adv,2010-05-17 00:00:00,Open with exception,33(1)(a),2017-02-14 00:00:00,2465,6 years 274 days,http://www.naa.gov.au/cgi-bin/Search?O=I&Number=550710
551565,A1838,739/3 PART 5,Australia - Shipping,1968 - 1973,1968,1973,Closed,Withheld pending adv,2011-04-20 00:00:00,Open,,2017-01-12 00:00:00,2094,5 years 268 days,http://www.naa.gov.au/cgi-bin/Search?O=I&Number=551565
553006,A1838,67/2/2/1 PART 2,UK - Political Developments - Colonial Policy Northern Ireland,1972 - 1972,1972,1972,Closed,Withheld pending adv,2014-02-10 00:00:00,Open with exception,33(1)(a),2017-02-16 00:00:00,1102,3 years 6 days,http://www.naa.gov.au/cgi-bin/Search?O=I&Number=553006
553121,A1838,528/1 PART 3,Pacific Affairs - Hong Kong - General,1964 - 1967,1964,1967,Closed,Withheld pending adv,2012-06-25 00:00:00,Open with exception,33(1)(a),2017-06-29 00:00:00,1830,5 years 4 days,http://www.naa.gov.au/cgi-bin/Search?O=I&Number=553121
546029,A1838,915/7 PART 3,United Nations - Political Questions - Vietnam - including Item on Violation of Human Rights in South Vietnam,1966 - 1966,1966,1966,Closed,Withheld pending adv,2014-12-11 00:00:00,Open,,2017-12-22 00:00:00,1107,3 years 11 days,http://www.naa.gov.au/cgi-bin/Search?O=I&Number=546029
547906,A1838,3103/11/109 PART 1,Japan - Relations with Singapore,1963 - 1973,1963,1973,Closed,33(1)(a) | Withheld pending adv,2011-02-11 00:00:00,Open with exception,33(1)(a),2017-06-21 00:00:00,2322,6 years 131 days,http://www.naa.gov.au/cgi-bin/Search?O=I&Number=547906
548229,A1838,3107/40/161 PART 21,Communist China - Relations with United States of America,1971 - 1971,1971,1971,Closed,Withheld pending adv,2011-12-07 00:00:00,Open with exception,33(1)(a),2017-06-30 00:00:00,2032,5 years 206 days,http://www.naa.gov.au/cgi-bin/Search?O=I&Number=548229
548249,A1838,3107/40/161 PART 35,China - Relations with United States of America,1975 - 1975,1975,1975,Closed,Withheld pending adv,2011-12-07 00:00:00,Open with exception,33(1)(a),2017-08-14 00:00:00,2077,5 years 251 days,http://www.naa.gov.au/cgi-bin/Search?O=I&Number=548249
548316,A1838,3107/16/3 PART 3,China - Economic - 3rd 5 year Plan & Current Assessment of Chinese Economy - General,1971 - 1972,1971,1972,Closed,Withheld pending adv,2016-04-18 00:00:00,Open with exception,33(1)(a),2017-01-24 00:00:00,281,0 years 281 days,http://www.naa.gov.au/cgi-bin/Search?O=I&Number=548316
583173,A1838,3027/2/1 PART 25,Malaysia - Political - General [3cm],1965 - 1966,1965,1966,Closed,33(1)(b) | 33(1)(a) | Withheld pending adv,2011-07-04 00:00:00,Open with exception,33(1)(a),2017-09-07 00:00:00,2257,6 years 66 days,http://www.naa.gov.au/cgi-bin/Search?O=I&Number=583173
583370,A1838,69/1/4/2 PART 38,Union of Soviet Socialist Republics - Relations with United States of America,1972 - 1973,1972,1973,Closed,Withheld pending adv,2014-12-12 00:00:00,Open with exception,33(1)(a),2017-11-29 00:00:00,1083,2 years 353 days,http://www.naa.gov.au/cgi-bin/Search?O=I&Number=583370
583564,A1838,73/1/3/11 PART 2,Yugoslavia - Foreign Policy - Relations with Australia - Visitors to Australia,1975 - 1975,1975,1975,Closed,Withheld pending adv,2015-11-11 00:00:00,Open with exception,33(1)(a),2017-10-12 00:00:00,701,1 years 336 days,http://www.naa.gov.au/cgi-bin/Search?O=I&Number=583564
583580,A1838,73/1/6 PART 13,Yugoslavia - Non Aligned Nations Conference,1973 - 1973,1973,1973,Closed,Withheld pending adv,2010-07-20 00:00:00,Open with exception,33(1)(a),2017-02-20 00:00:00,2407,6 years 216 days,http://www.naa.gov.au/cgi-bin/Search?O=I&Number=583580
583709,A1838,3034/7/8 PART 3,Indonesia - Territorial Waters,1960 - 1965,1960,1965,Closed,Withheld pending adv,2011-11-29 00:00:00,Open with exception,33(1)(a),2017-05-17 00:00:00,1996,5 years 170 days,http://www.naa.gov.au/cgi-bin/Search?O=I&Number=583709
584329,A1838,739/3 PART 4,Australia - Economic - Shipping,1967 - 1970,1967,1970,Closed,Withheld pending adv,2011-04-21 00:00:00,Open with exception,33(1)(a),2017-01-12 00:00:00,2093,5 years 267 days,http://www.naa.gov.au/cgi-bin/Search?O=I&Number=584329
584517,A1838,840/13 PART 2,New Hebrides - Relations with Australia,1969 - 1971,1969,1971,Closed,Withheld pending adv,2011-08-12 00:00:00,Open with exception,33(1)(a),2017-02-16 00:00:00,2015,5 years 189 days,http://www.naa.gov.au/cgi-bin/Search?O=I&Number=584517
586404,A1838,3107/9/1 PART 1,China - Economic - Agriculture - General,1955 - 1963,1955,1963,Closed,Withheld pending adv,2016-05-04 00:00:00,Open with exception,33(1)(a),2017-01-20 00:00:00,261,0 years 261 days,http://www.naa.gov.au/cgi-bin/Search?O=I&Number=586404
587543,A1838,69/1/3/6/1 PART 9,USSR - Foreign Policy - Relations with Australia - Soviet Visitors,1971 - 1973,1971,1973,Closed,Withheld pending adv,2016-06-15 00:00:00,Open with exception,33(1)(a),2017-10-30 00:00:00,502,1 years 137 days,http://www.naa.gov.au/cgi-bin/Search?O=I&Number=587543
587940,A1838,73/1/3 PART 13,Yugoslavia - Relations with Australia,1971 - 1971,1971,1971,Closed,Withheld pending adv,2016-05-25 00:00:00,Open,,2017-01-18 00:00:00,238,0 years 238 days,http://www.naa.gov.au/cgi-bin/Search?O=I&Number=587940
587999,A1838,73/1/6 PART 5,Yugoslavia - Non-Aligned Nations Conference,1970 - 01 Jan 1800,1970,1800,Closed,Withheld pending adv,2010-07-01 00:00:00,Open with exception,33(1)(a),2017-02-23 00:00:00,2429,6 years 238 days,http://www.naa.gov.au/cgi-bin/Search?O=I&Number=587999
588024,A1838,169/10/11/2/5 PART 4,India Relations with Australia Visit by Australian Prime Minister,1973 - 1973,1973,1973,Closed,Withheld pending adv,2013-11-12 00:00:00,Open with exception,Withheld pending adv,2017-06-29 00:00:00,1325,3 years 229 days,http://www.naa.gov.au/cgi-bin/Search?O=I&Number=588024
589048,A1838,169/11/52 PART 13,India - Relations with USSR,1971 - 1972,1971,1972,Closed,Withheld pending adv,2016-04-19 00:00:00,Open with exception,33(1)(a),2017-02-14 00:00:00,301,0 years 301 days,http://www.naa.gov.au/cgi-bin/Search?O=I&Number=589048
589882,A1838,189/2/6/4 PART 8,Pakistan States - East Pakistan,1971 - 01 Jan 1800,1971,1800,Closed,Withheld pending adv,2014-05-26 00:00:00,Open with exception,33(1)(a),2017-07-26 00:00:00,1157,3 years 61 days,http://www.naa.gov.au/cgi-bin/Search?O=I&Number=589882
589976,A1838,3020/11/87/1 PART 1,North Vietnam - Chinese Communist aid to North Vietnam,1951 - 1974,1951,1974,Closed,33(1)(a) | Withheld pending adv,2015-07-28 00:00:00,Open with exception,33(1)(a),2017-02-23 00:00:00,576,1 years 211 days,http://www.naa.gov.au/cgi-bin/Search?O=I&Number=589976
590154,A1838,3034/10/11/20 PART 4,Visit to Indonesia by Prime Minister - Mr [Edward] Gough Whitlam,1973 - 1973,1973,1973,Closed,Withheld pending adv,2013-11-12 00:00:00,Open,,2017-06-30 00:00:00,1326,3 years 230 days,http://www.naa.gov.au/cgi-bin/Search?O=I&Number=590154
563325,A1838,1255/202,Diplomatic immunity from Legal Action,1959 - 1963,1959,1963,Closed,Withheld pending adv,2016-05-30 00:00:00,Open,,2017-01-25 00:00:00,240,0 years 240 days,http://www.naa.gov.au/cgi-bin/Search?O=I&Number=563325
582831,A1838,3020/11/161/2 PART 24,North Vietnam - Relations with United States of America - Policy Aspects of the Vietnam War Settlement,1968 - 1968,1968,1968,Closed,Withheld pending adv,2015-11-12 00:00:00,Open with exception,33(1)(a),2017-02-07 00:00:00,453,1 years 88 days,http://www.naa.gov.au/cgi-bin/Search?O=I&Number=582831
583177,A1838,3027/2/1 PART 27,Malaysia - Political - General [396pp],1967 - 1967,1967,1967,Closed,33(1)(b) | 33(1)(a) | Withheld pending adv,2011-07-04 00:00:00,Open with exception,33(1)(a),2017-05-24 00:00:00,2151,5 years 325 days,http://www.naa.gov.au/cgi-bin/Search?O=I&Number=583177
548743,A1838,3107/40/87 PART 13,China - Relations with Japan,1972 - 1972,1972,1972,Closed,Withheld pending adv,2015-12-07 00:00:00,Open with exception,33(1)(a) | Withheld pending adv,2017-10-10 00:00:00,673,1 years 308 days,http://www.naa.gov.au/cgi-bin/Search?O=I&Number=548743
589830,A1838,186/11/8 PART 9,Pakistan - Relations with Afghanistan,1974 - 1975,1974,1975,Closed,Withheld pending adv,2016-04-19 00:00:00,Open with exception,33(1)(a),2017-02-07 00:00:00,294,0 years 294 days,http://www.naa.gov.au/cgi-bin/Search?O=I&Number=589830
842608,A1838,TS698/6 PART 1,Regional Defence Organisation - China - Hong Kong,1955 - 1967,1955,1967,Closed,Withheld pending adv,2012-03-09 00:00:00,Open with exception,33(1)(a),2017-02-28 00:00:00,1817,4 years 356 days,http://www.naa.gov.au/cgi-bin/Search?O=I&Number=842608
8350125,A1838,169/11/106 PART 1,India - Relations with other countries - Indonesia,1948 - 1954,1948,1954,Closed,Withheld pending adv,2011-08-29 00:00:00,Open,Withheld pending adv,2017-10-25 00:00:00,2249,6 years 58 days,http://www.naa.gov.au/cgi-bin/Search?O=I&Number=8350125
842073,A1838,TS682/6/1/1,Joint Intelligence Committee - An assessment of developments in Indonesia up to the end of 1960,1959 - 1959,1959,1959,Closed,Withheld pending adv,2014-07-31 00:00:00,Open,,2017-05-18 00:00:00,1022,2 years 292 days,http://www.naa.gov.au/cgi-bin/Search?O=I&Number=842073
842524,A1838,TS696/1/2 PART 1,Regional Defence Organisation - Defence of Asia including Far East and South East Asia and South Asia,1955 - 1955,1955,1955,Closed,Withheld pending adv,2015-07-22 00:00:00,Open with exception,33(1)(a) | Withheld pending adv,2017-02-23 00:00:00,582,1 years 217 days,http://www.naa.gov.au/cgi-bin/Search?O=I&Number=842524
