barcode,control symbol,title,series,series title,contents dates,contents start year,contents end year,access status,access decision reasons,access decision date
3338536,1558/1/44 PART 57,International Court of Justice - Advisory opinions French Nuclear tests Australia vs France,A1838,"Correspondence files, multiple number series [Main correspondence files series of the agency]",1974 - 1974,1974,1974,Closed,Withheld pending adv,2016-01-06 00:00:00
3338532,1558/1/44 PART 53,International Court of Justice - Advisory opinions French Nuclear tests Australia vs France,A1838,"Correspondence files, multiple number series [Main correspondence files series of the agency]",1973 - 1974,1973,1974,Closed,Withheld pending adv,2016-01-06 00:00:00
1728820,48/1/3 PART 12,Poland - Relations with Australia,A1838,"Correspondence files, multiple number series [Main correspondence files series of the agency]",1980 - 1981,1980,1981,Closed,Withheld pending adv,2016-01-07 00:00:00
1555845,720/5/1/3 PART 1,Australia/United Kingdom - Nuclear co-operation - Implementation of administrative arrangements,A1838,"Correspondence files, multiple number series [Main correspondence files series of the agency]",1979 - 1980,1979,1980,Closed,Withheld pending adv,2016-01-15 00:00:00
3338537,1558/1/44 PART 58,International Court of Justice - Advisory opinions French Nuclear tests Australia vs France,A1838,"Correspondence files, multiple number series [Main correspondence files series of the agency]",1974 - 1974,1974,1974,Closed,Withheld pending adv,2016-02-02 00:00:00
546448,919/13/4 PART 40,France - Disarmament - Nuclear Weapons Testing,A1838,"Correspondence files, multiple number series [Main correspondence files series of the agency]",1973 - 1973,1973,1973,Closed,Withheld pending adv,2016-02-02 00:00:00
1728869,48/1/3/12 PART 1,Poland - Foreign policy - Relations with Australia - Contingency measures,A1838,"Correspondence files, multiple number series [Main correspondence files series of the agency]",1980 - 1980,1980,1980,Closed,Withheld pending adv,2016-02-03 00:00:00
1514419,3004/12/17 PART 5,South East Asia - USSR representation - Interests and policy,A1838,"Correspondence files, multiple number series [Main correspondence files series of the agency]",1977 - 1978,1977,1978,Closed,Withheld pending adv,2016-03-15 00:00:00
1514409,3004/12/5 PART 4,South East Asia - USSR representation - Interests and policy - General,A1838,"Correspondence files, multiple number series [Main correspondence files series of the agency]",1972 - 1976,1972,1976,Closed,Withheld pending adv,2016-03-16 00:00:00
3341240,1634/76/7 PART 1,Indo China refugees - Policies and programs of other countries - Indonesia,A1838,"Correspondence files, multiple number series [Main correspondence files series of the agency]",1979 - 1981,1979,1981,Closed,Withheld pending adv,2016-03-16 00:00:00
587774,69/1/4/35 PART 11,USSR - Relations with East & South East Asia,A1838,"Correspondence files, multiple number series [Main correspondence files series of the agency]",1971 - 1972,1971,1972,Closed,Withheld pending adv,2016-03-17 00:00:00
1516828,3014/11/161 PART 22,South Vietnam - Relations with USA,A1838,"Correspondence files, multiple number series [Main correspondence files series of the agency]",1968 - 1969,1968,1969,Closed,Withheld pending adv,2016-03-21 00:00:00
1508425,3020/10/21 PART 1,North Vietnam - Relations with Australia - Annual review,A1838,"Correspondence files, multiple number series [Main correspondence files series of the agency]",1975 - 1978,1975,1978,Closed,Withheld pending adv,2016-03-21 00:00:00
546466,919/13/4 PART 58,France - Disarmament - Nuclear Weapons Testing,A1838,"Correspondence files, multiple number series [Main correspondence files series of the agency]",1973 - 1974,1973,1974,Closed,Withheld pending adv,2016-03-21 00:00:00
1758773,907/2 PART 26,United Nations Security Council - Elections,A1838,"Correspondence files, multiple number series [Main correspondence files series of the agency]",1982 - 1983,1982,1983,Closed,Withheld pending adv,2016-04-05 00:00:00
1389064,528/1/3/1 PART 2,Hong Kong - Political situation status of Hong Kong - China-UK negotiations,A1838,"Correspondence files, multiple number series [Main correspondence files series of the agency]",1983 - 1983,1983,1983,Closed,Withheld pending adv,2016-04-05 00:00:00
1505946,3038/11/64 PART 8,East Timor - Relations with Portugal,A1838,"Correspondence files, multiple number series [Main correspondence files series of the agency]",1982 - 1983,1982,1983,Closed,Withheld pending adv,2016-04-05 00:00:00
1510970,3107/40/52 PART 83,China - Relations with USSR,A1838,"Correspondence files, multiple number series [Main correspondence files series of the agency]",1979 - 1980,1979,1980,Closed,Withheld pending adv,2016-04-05 00:00:00
1511775,3107/40/175 PART 6,China - Relations with New Zealand,A1838,"Correspondence files, multiple number series [Main correspondence files series of the agency]",1974 - 1976,1974,1976,Closed,Withheld pending adv,2016-04-05 00:00:00
1875954,935/29/2 PART 9,Portugal East Timor,A1838,"Correspondence files, multiple number series [Main correspondence files series of the agency]",1981 - 1982,1981,1982,Closed,Withheld pending adv,2016-04-05 00:00:00
1389056,528/1/3 PART 5,Hong Kong - Political situation status of Hong Kong,A1838,"Correspondence files, multiple number series [Main correspondence files series of the agency]",1983 - 1984,1983,1984,Closed,Withheld pending adv,2016-04-05 00:00:00
1389055,528/1/3 PART 4,Hong Kong - Political situation status of Hong Kong,A1838,"Correspondence files, multiple number series [Main correspondence files series of the agency]",1982 - 1983,1982,1983,Closed,Withheld pending adv,2016-04-05 00:00:00
1389066,528/1/3/1 PART 3,Hong Kong - Political situation status of Hong Kong - China-UK negotiations,A1838,"Correspondence files, multiple number series [Main correspondence files series of the agency]",1983 - 1983,1983,1983,Closed,Withheld pending adv,2016-04-05 00:00:00
1389123,528/1/3/6 PART 1,Hong Kong - Political situation status of Hong Kong - Attitudes of other countries Australia/NewZealand,A1838,"Correspondence files, multiple number series [Main correspondence files series of the agency]",1983 - 1983,1983,1983,Closed,Withheld pending adv,2016-04-05 00:00:00
3338506,1558/1/44 PART 42,International Court of Justice - Advisory opinions French Nuclear tests Australia vs France,A1838,"Correspondence files, multiple number series [Main correspondence files series of the agency]",1973 - 1973,1973,1973,Closed,Withheld pending adv,2016-04-05 00:00:00
3338478,1558/1/44 PART 13,International Court of Justice - Advisory opinions French Nuclear tests Australia vs France,A1838,"Correspondence files, multiple number series [Main correspondence files series of the agency]",1972 - 1973,1972,1973,Closed,Withheld pending adv,2016-04-05 00:00:00
3338524,1558/1/44 PART 49,International Court of Justice - Advisory opinions French Nuclear tests Australia vs France,A1838,"Correspondence files, multiple number series [Main correspondence files series of the agency]",1973 - 1974,1973,1974,Closed,Withheld pending adv,2016-04-05 00:00:00
548750,3107/40/87 PART 18,China - Relations with Japan,A1838,"Correspondence files, multiple number series [Main correspondence files series of the agency]",1973 - 1973,1973,1973,Closed,Withheld pending adv,2016-04-05 00:00:00
546453,919/13/4 PART 45,France - Disarmament - Nuclear Weapons Testing,A1838,"Correspondence files, multiple number series [Main correspondence files series of the agency]",1973 - 1973,1973,1973,Closed,Withheld pending adv,2016-04-05 00:00:00
556369,3100/5/7 PART 3,Special Regional Developments - Regional Political Developments - China,A1838,"Correspondence files, multiple number series [Main correspondence files series of the agency]",1973 - 1974,1973,1974,Closed,Withheld pending adv,2016-04-05 00:00:00
1511402,3107/19/2 PART 4,China - Industries - General,A1838,"Correspondence files, multiple number series [Main correspondence files series of the agency]",1975 - 1984,1975,1984,Closed,Withheld pending adv,2016-04-11 00:00:00
1511578,3107/40/114 PART 55,China - Relations with Vietnam,A1838,"Correspondence files, multiple number series [Main correspondence files series of the agency]",1982 - 1983,1982,1983,Closed,Withheld pending adv,2016-04-11 00:00:00
1874211,49/2/1/1 PART 15,Portugal - Foreign policy - Portuguese Timor,A1838,"Correspondence files, multiple number series [Main correspondence files series of the agency]",1983 - 1984,1983,1984,Closed,Withheld pending adv,2016-04-11 00:00:00
1887707,3107/2/23 PART 2,China - Political - General - Canadian material,A1838,"Correspondence files, multiple number series [Main correspondence files series of the agency]",1976 - 1988,1976,1988,Closed,Withheld pending adv,2016-04-11 00:00:00
1887939,3107/40/64 PART 1,China - Relations with Portugal,A1838,"Correspondence files, multiple number series [Main correspondence files series of the agency]",1945 - 1991,1945,1991,Closed,Withheld pending adv,2016-04-11 00:00:00
1389038,519/1 PART 18,Formosa political - General,A1838,"Correspondence files, multiple number series [Main correspondence files series of the agency]",1980 - 1981,1980,1981,Closed,Withheld pending adv,2016-04-11 00:00:00
1511260,3107/16/6 PART 14,China - Fifth five year plan,A1838,"Correspondence files, multiple number series [Main correspondence files series of the agency]",1980 - 1980,1980,1980,Closed,Withheld pending adv,2016-04-11 00:00:00
1511576,3107/40/114 PART 54,China - Relations with North Vietnam,A1838,"Correspondence files, multiple number series [Main correspondence files series of the agency]",1981 - 1982,1981,1982,Closed,Withheld pending adv,2016-04-11 00:00:00
1510700,3107/2/21 PART 66,China - Political - General,A1838,"Correspondence files, multiple number series [Main correspondence files series of the agency]",1980 - 1980,1980,1980,Closed,Withheld pending adv,2016-04-11 00:00:00
1510792,3107/3/1 PART 8,China - Political parties - Communist party,A1838,"Correspondence files, multiple number series [Main correspondence files series of the agency]",1958 - 1961,1958,1961,Closed,Withheld pending adv,2016-04-11 00:00:00
580304,766/3/64 PART 1,China - Relations with Guinea,A1838,"Correspondence files, multiple number series [Main correspondence files series of the agency]",1960 - 1971,1960,1971,Closed,Withheld pending adv,2016-04-11 00:00:00
561225,491/14/1 PART 2,China - Administration in Communist China - General,A1838,"Correspondence files, multiple number series [Main correspondence files series of the agency]",1952 - 01 Jan 1800,1952,1800,Closed,Withheld pending adv,2016-04-11 00:00:00
549091,714/3/2 PART 17,Econoimic Relations - Strategic Exports Controls - Re Communist China,A1838,"Correspondence files, multiple number series [Main correspondence files series of the agency]",1971 - 1971,1971,1971,Closed,Withheld pending adv,2016-04-11 00:00:00
1746448,186/11/4 PART 9,Sri Lanka - Relations with India,A1838,"Correspondence files, multiple number series [Main correspondence files series of the agency]",1985 - 1986,1985,1986,Closed,Withheld pending adv,2016-04-18 00:00:00
1746656,189/7/1 PART 18,Pakistan - Foreign policy - General,A1838,"Correspondence files, multiple number series [Main correspondence files series of the agency]",1980 - 1980,1980,1980,Closed,Withheld pending adv,2016-04-18 00:00:00
1749852,199/11/38 PART 1,Saudi Arabia - Relations with United Arab Republic,A1838,"Correspondence files, multiple number series [Main correspondence files series of the agency]",1971 - 1980,1971,1980,Closed,Withheld pending adv,2016-04-18 00:00:00
1505720,3038/2/1 PART 27,Portuguese Timor - Political and General,A1838,"Correspondence files, multiple number series [Main correspondence files series of the agency]",1983 - 1983,1983,1983,Closed,Withheld pending adv,2016-04-18 00:00:00
1759872,697/8/8 PART 1,"Defence policy - Indian Ocean - Indonesia - Interests, policies and activities",A1838,"Correspondence files, multiple number series [Main correspondence files series of the agency]",1972 - 1978,1972,1978,Closed,Withheld pending adv,2016-04-18 00:00:00
1555454,720/5/33 PART 6,Atomic Energy - Australia relations with Korea,A1838,"Correspondence files, multiple number series [Main correspondence files series of the agency]",1982 - 1983,1982,1983,Closed,Withheld pending adv,2016-04-18 00:00:00
1555456,720/5/33 PART 8,Atomic Energy - Australia relations with Korea,A1838,"Correspondence files, multiple number series [Main correspondence files series of the agency]",1983 - 1983,1983,1983,Closed,Withheld pending adv,2016-04-18 00:00:00
1555462,720/5/33/2 PART 1,Republic of Korea - Nuclear safeguards agreement with Australia - Negotiating history,A1838,"Correspondence files, multiple number series [Main correspondence files series of the agency]",1977 - 1979,1977,1979,Closed,Withheld pending adv,2016-04-18 00:00:00
1555567,720/5/44/1 PART 8,AAEC [Australian Atomic Energy Commission] - Australian relations with other countries - EEC Euratom Nuclear Safeguards Agreement,A1838,"Correspondence files, multiple number series [Main correspondence files series of the agency]",1986 - 1986,1986,1986,Closed,Withheld pending adv,2016-04-18 00:00:00
1555577,720/5/44/3 PART 1,Australia - Euratom nuclear safeguards agreement - Negotiating history,A1838,"Correspondence files, multiple number series [Main correspondence files series of the agency]",1977 - 1977,1977,1977,Closed,Withheld pending adv,2016-04-18 00:00:00
1555589,720/5/44/3 PART 2,Australia - Euratom nuclear safeguards agreement - Negotiating history,A1838,"Correspondence files, multiple number series [Main correspondence files series of the agency]",1977 - 1978,1977,1978,Closed,Withheld pending adv,2016-04-18 00:00:00
1555591,720/5/44/3 PART 4,Australia - Euratom nuclear safeguards agreement - Negotiating history,A1838,"Correspondence files, multiple number series [Main correspondence files series of the agency]",1978 - 1978,1978,1978,Closed,Withheld pending adv,2016-04-18 00:00:00
1555592,720/5/44/3 PART 5,Australia - Euratom nuclear safeguards agreement - Negotiating history,A1838,"Correspondence files, multiple number series [Main correspondence files series of the agency]",1978 - 1978,1978,1978,Closed,Withheld pending adv,2016-04-18 00:00:00
1555593,720/5/44/3 PART 6,Australia - Euratom nuclear safeguards agreement - Negotiating history,A1838,"Correspondence files, multiple number series [Main correspondence files series of the agency]",1978 - 1978,1978,1978,Closed,Withheld pending adv,2016-04-18 00:00:00
1555595,720/5/44/3 PART 7,Australia - Euratom nuclear safeguards agreement - Negotiating history,A1838,"Correspondence files, multiple number series [Main correspondence files series of the agency]",1978 - 1978,1978,1978,Closed,Withheld pending adv,2016-04-18 00:00:00
1555598,720/5/44/3 PART 8,Australia - Euratom nuclear safeguards agreement - Negotiating history,A1838,"Correspondence files, multiple number series [Main correspondence files series of the agency]",1978 - 1979,1978,1979,Closed,Withheld pending adv,2016-04-18 00:00:00
1555599,720/5/44/3 PART 9,Australia - Euratom nuclear safeguards agreement - Negotiating history,A1838,"Correspondence files, multiple number series [Main correspondence files series of the agency]",1979 - 1979,1979,1979,Closed,Withheld pending adv,2016-04-18 00:00:00
1555603,720/5/44/3 PART 11,Australia - Euratom nuclear safeguards agreement - Negotiating history,A1838,"Correspondence files, multiple number series [Main correspondence files series of the agency]",1979 - 1979,1979,1979,Closed,Withheld pending adv,2016-04-18 00:00:00
1555605,720/5/44/3 PART 12,Australia - Euratom nuclear safeguards agreement - Negotiating history,A1838,"Correspondence files, multiple number series [Main correspondence files series of the agency]",1979 - 1980,1979,1980,Closed,Withheld pending adv,2016-04-18 00:00:00
1555826,720/5/1/1/1 PART 3,United Kingdom - Safeguards agreement with Australia - Negotiating history,A1838,"Correspondence files, multiple number series [Main correspondence files series of the agency]",1978 - 1978,1978,1978,Closed,Withheld pending adv,2016-04-18 00:00:00
1555829,720/5/1/1/1 PART 4,United Kingdom - Safeguards agreement with Australia - Negotiating history,A1838,"Correspondence files, multiple number series [Main correspondence files series of the agency]",1978 - 1978,1978,1978,Closed,Withheld pending adv,2016-04-18 00:00:00
1555830,720/5/1/1/1 PART 5,United Kingdom - Safeguards agreement with Australia - Negotiating history,A1838,"Correspondence files, multiple number series [Main correspondence files series of the agency]",1978 - 1978,1978,1978,Closed,Withheld pending adv,2016-04-18 00:00:00
1555833,720/5/1/1/1 PART 6,United Kingdom - Safeguards agreement with Australia - Negotiating history,A1838,"Correspondence files, multiple number series [Main correspondence files series of the agency]",1979 - 1979,1979,1979,Closed,Withheld pending adv,2016-04-18 00:00:00
1555836,720/5/1/1/1 PART 8,United Kingdom - Safeguards agreement with Australia - Negotiating history,A1838,"Correspondence files, multiple number series [Main correspondence files series of the agency]",1980 - 1981,1980,1981,Closed,Withheld pending adv,2016-04-18 00:00:00
1556027,720/5/5/4 PART 1,France - Nuclear safeguards agreement with Australia - Negotiating history,A1838,"Correspondence files, multiple number series [Main correspondence files series of the agency]",1976 - 1978,1976,1978,Closed,Withheld pending adv,2016-04-18 00:00:00
1556038,720/5/5/4 PART 6,France - Nuclear safeguards agreement with Australia - Negotiating history,A1838,"Correspondence files, multiple number series [Main correspondence files series of the agency]",1980 - 1980,1980,1980,Closed,Withheld pending adv,2016-04-18 00:00:00
1556039,720/5/5/4 PART 7,France - Nuclear safeguards agreement with Australia - Negotiating history,A1838,"Correspondence files, multiple number series [Main correspondence files series of the agency]",1980 - 1980,1980,1980,Closed,Withheld pending adv,2016-04-18 00:00:00
1556040,720/5/5/4 PART 8,France - Nuclear safeguards agreement with Australia - Negotiating history,A1838,"Correspondence files, multiple number series [Main correspondence files series of the agency]",1980 - 1981,1980,1981,Closed,Withheld pending adv,2016-04-18 00:00:00
1556041,720/5/5/4 PART 9,France - Nuclear safeguards agreement with Australia - Negotiating history,A1838,"Correspondence files, multiple number series [Main correspondence files series of the agency]",1981 - 1981,1981,1981,Closed,Withheld pending adv,2016-04-18 00:00:00
1556042,720/5/5/4 PART 10,France - Nuclear safeguards agreement with Australia - Negotiating history,A1838,"Correspondence files, multiple number series [Main correspondence files series of the agency]",1981 - 1981,1981,1981,Closed,Withheld pending adv,2016-04-18 00:00:00
1511676,3107/40/147 PART 39,China - Relations with India,A1838,"Correspondence files, multiple number series [Main correspondence files series of the agency]",1981 - 1983,1981,1983,Closed,Withheld pending adv,2016-04-18 00:00:00
548307,3123/2 PART 16,Korea - Consideration of Korean Question by General Assembly,A1838,"Correspondence files, multiple number series [Main correspondence files series of the agency]",1973 - 1974,1973,1974,Closed,Withheld pending adv,2016-04-18 00:00:00
548316,3107/16/3 PART 3,China - Economic - 3rd 5 year Plan & Current Assessment of Chinese Economy - General,A1838,"Correspondence files, multiple number series [Main correspondence files series of the agency]",1971 - 1972,1971,1972,Closed,Withheld pending adv,2016-04-18 00:00:00
1745210,73/1/3/13 PART 23,Yugoslavia - Foreign policy - Extremism - General,A1838,"Correspondence files, multiple number series [Main correspondence files series of the agency]",1979 - 1979,1979,1979,Closed,Withheld pending adv,2016-04-19 00:00:00
1745212,73/1/3/13 PART 25,Yugoslavia - Foreign policy - Extremism - General,A1838,"Correspondence files, multiple number series [Main correspondence files series of the agency]",1979 - 1979,1979,1979,Closed,Withheld pending adv,2016-04-19 00:00:00
1747837,169/11/52 PART 22,India - Relations with USSR [Union of Soviet Socialist Republics],A1838,"Correspondence files, multiple number series [Main correspondence files series of the agency]",1979 - 1980,1979,1980,Closed,Withheld pending adv,2016-04-19 00:00:00
1505161,3020/11/86 PART 2,The Paracel and Spratley Islands,A1838,"Correspondence files, multiple number series [Main correspondence files series of the agency]",1978 - 1983,1978,1983,Closed,Withheld pending adv,2016-04-19 00:00:00
1759052,915/20 PART 4,United Nations - Asian - Political - Indian Ocean Committee,A1838,"Correspondence files, multiple number series [Main correspondence files series of the agency]",1980 - 1981,1980,1981,Closed,Withheld pending adv,2016-04-19 00:00:00
1505950,3038/11/64 PART 13,East Timor - Relations with Portugal,A1838,"Correspondence files, multiple number series [Main correspondence files series of the agency]",1986 - 1987,1986,1987,Closed,Withheld pending adv,2016-04-19 00:00:00
1510518,519/3/1/8 PART 2,Formosa - Correspondence to the Minister,A1838,"Correspondence files, multiple number series [Main correspondence files series of the agency]",1976 - 1977,1976,1977,Closed,Withheld pending adv,2016-04-19 00:00:00
1511132,3107/40/87 PART 29,China - Relations with Japan,A1838,"Correspondence files, multiple number series [Main correspondence files series of the agency]",1978 - 1978,1978,1978,Closed,Withheld pending adv,2016-04-19 00:00:00
1511256,3107/16/6 PART 12,China - Fifth five year plan,A1838,"Correspondence files, multiple number series [Main correspondence files series of the agency]",1980 - 1980,1980,1980,Closed,Withheld pending adv,2016-04-19 00:00:00
1700908,250/10/4/3 PART 33,USA - Relations with China,A1838,"Correspondence files, multiple number series [Main correspondence files series of the agency]",1980 - 1980,1980,1980,Closed,Withheld pending adv,2016-04-19 00:00:00
1702114,250/10/7/9 PART 34,USA - Relations with Indo China,A1838,"Correspondence files, multiple number series [Main correspondence files series of the agency]",1978 - 1980,1978,1980,Closed,Withheld pending adv,2016-04-19 00:00:00
1728812,48/1/3 PART 6,Poland - Relations with Australia,A1838,"Correspondence files, multiple number series [Main correspondence files series of the agency]",1975 - 1977,1975,1977,Closed,Withheld pending adv,2016-04-19 00:00:00
1744958,181/15 PART 29,Middle East - Palestine Liberation Organisation,A1838,"Correspondence files, multiple number series [Main correspondence files series of the agency]",1981 - 1981,1981,1981,Closed,Withheld pending adv,2016-04-19 00:00:00
1744969,181/15 PART 37,Middle East - Palestine Liberation Organisation,A1838,"Correspondence files, multiple number series [Main correspondence files series of the agency]",1983 - 1983,1983,1983,Closed,Withheld pending adv,2016-04-19 00:00:00
1745199,73/1/3/13 PART 14,Yugoslavia - Foreign policy - Extremism - General,A1838,"Correspondence files, multiple number series [Main correspondence files series of the agency]",1977 - 1978,1977,1978,Closed,Withheld pending adv,2016-04-19 00:00:00
3338491,1558/1/44 PART 28,International Court of Justice - Advisory opinions French Nuclear tests Australia vs France,A1838,"Correspondence files, multiple number series [Main correspondence files series of the agency]",1973 - 1973,1973,1973,Closed,Withheld pending adv,2016-04-19 00:00:00
3338493,1558/1/44 PART 30,International Court of Justice - Advisory opinions French Nuclear tests Australia vs France,A1838,"Correspondence files, multiple number series [Main correspondence files series of the agency]",1973 - 1973,1973,1973,Closed,Withheld pending adv,2016-04-19 00:00:00
3338497,1558/1/44 PART 33,International Court of Justice - Advisory opinions French Nuclear tests Australia vs France,A1838,"Correspondence files, multiple number series [Main correspondence files series of the agency]",1973 - 1973,1973,1973,Closed,Withheld pending adv,2016-04-19 00:00:00
552251,766/3/4 PART 10,China - Economic Relations with Japan,A1838,"Correspondence files, multiple number series [Main correspondence files series of the agency]",1972 - 1974,1972,1974,Closed,Withheld pending adv,2016-04-19 00:00:00
585161,1500/1/24/2/2 PART 1,Diplomatic Representatives in Australia Protection of Diplomatic & Consular Premises Yugoslav Embassy Canberra and Consulate General Sydney,A1838,"Correspondence files, multiple number series [Main correspondence files series of the agency]",1966 - 1969,1966,1969,Closed,Withheld pending adv,2016-04-19 00:00:00
546444,919/13/4 PART 34,France - Disarmament - Nuclear Weapons Testing,A1838,"Correspondence files, multiple number series [Main correspondence files series of the agency]",1972 - 1972,1972,1972,Closed,Withheld pending adv,2016-04-19 00:00:00
548299,3123/2 PART 10,Korea - Consideration of Korean Question by General Assembly,A1838,"Correspondence files, multiple number series [Main correspondence files series of the agency]",1971 - 1972,1971,1972,Closed,Withheld pending adv,2016-04-19 00:00:00
589048,169/11/52 PART 13,India - Relations with USSR,A1838,"Correspondence files, multiple number series [Main correspondence files series of the agency]",1971 - 1972,1971,1972,Closed,Withheld pending adv,2016-04-19 00:00:00
587944,73/1/3 PART 16,Yugoslavia - Relations with Australia,A1838,"Correspondence files, multiple number series [Main correspondence files series of the agency]",1971 - 1972,1971,1972,Closed,Withheld pending adv,2016-04-19 00:00:00
589830,186/11/8 PART 9,Pakistan - Relations with Afghanistan,A1838,"Correspondence files, multiple number series [Main correspondence files series of the agency]",1974 - 1975,1974,1975,Closed,Withheld pending adv,2016-04-19 00:00:00
1513710,3125/2/1 PART 16,North Korea - Political,A1838,"Correspondence files, multiple number series [Main correspondence files series of the agency]",1981 - 1981,1981,1981,Closed,Withheld pending adv,2016-04-20 00:00:00
1746859,190/2/1 PART 95,Zimbabwe - Political - General,A1838,"Correspondence files, multiple number series [Main correspondence files series of the agency]",1983 - 1983,1983,1983,Closed,33(1)(a) | 33(1)(d) | Withheld pending adv,2016-04-27 00:00:00
3336980,1490/17/8 PART 1,Legal aspects of Papua New Guinea Independence - Papua New Guinea Bouganville,A1838,"Correspondence files, multiple number series [Main correspondence files series of the agency]",1975 - 1975,1975,1975,Closed,Withheld pending adv,2016-04-27 00:00:00
1747853,169/11/87 PART 38,India - Relations with China,A1838,"Correspondence files, multiple number series [Main correspondence files series of the agency]",1978 - 1979,1978,1979,Closed,Withheld pending adv,2016-05-03 00:00:00
1511659,3107/40/147 PART 17,China - Relations with India,A1838,"Correspondence files, multiple number series [Main correspondence files series of the agency]",1963 - 1963,1963,1963,Closed,Withheld pending adv,2016-05-03 00:00:00
1761610,720/5/18 PART 5,Atomic Energy Agency - Israel - Relations with Australia,A1838,"Correspondence files, multiple number series [Main correspondence files series of the agency]",1986 - 1987,1986,1987,Closed,MAKE YOUR SELECTION | Withheld pending adv,2016-05-03 00:00:00
1872981,155/21/1 PART 17,Africa - General - Indian Ocean - Political,A1838,"Correspondence files, multiple number series [Main correspondence files series of the agency]",1983 - 1983,1983,1983,Closed,Withheld pending adv,2016-05-03 00:00:00
1513711,3125/2/1 PART 17,North Korea - Political,A1838,"Correspondence files, multiple number series [Main correspondence files series of the agency]",1981 - 1983,1981,1983,Closed,Withheld pending adv,2016-05-03 00:00:00
548360,3125/11/52 PART 2,Korea - Foreign Policy - North Korea - Relations with USSR,A1838,"Correspondence files, multiple number series [Main correspondence files series of the agency]",1965 - 1970,1965,1970,Closed,MAKE YOUR SELECTION | Withheld pending adv,2016-05-03 00:00:00
1511140,3107/40/87 PART 34,China - Relations with Japan,A1838,"Correspondence files, multiple number series [Main correspondence files series of the agency]",1979 - 1980,1979,1980,Closed,Withheld pending adv,2016-05-04 00:00:00
1389857,319/1/3 PART 20,Gilbert and Ellice Islands - Colony resettlement of population Banabans Rabi,A1838,"Correspondence files, multiple number series [Main correspondence files series of the agency]",1978 - 1978,1978,1978,Closed,Withheld pending adv,2016-05-04 00:00:00
1505725,3038/2/1 PART 33,Portuguese Timor - Political - General,A1838,"Correspondence files, multiple number series [Main correspondence files series of the agency]",1986 - 1987,1986,1987,Closed,Withheld pending adv,2016-05-04 00:00:00
1511121,3107/40/87 PART 24,China - Relations with Japan,A1838,"Correspondence files, multiple number series [Main correspondence files series of the agency]",1975 - 1976,1975,1976,Closed,33(2)(a) | 33(2)(b) | Withheld pending adv,2016-05-04 00:00:00
1512335,3103/11/87 PART 53,Japan - Relations with China,A1838,"Correspondence files, multiple number series [Main correspondence files series of the agency]",1977 - 1977,1977,1977,Closed,Withheld pending adv,2016-05-04 00:00:00
3338480,1558/1/44 PART 19,International Court of Justice - Advisory opinions French Nuclear tests Australia vs France,A1838,"Correspondence files, multiple number series [Main correspondence files series of the agency]",1973 - 1973,1973,1973,Closed,Withheld pending adv,2016-05-04 00:00:00
548733,3107/40/87 PART 5,China - Relations with Japan,A1838,"Correspondence files, multiple number series [Main correspondence files series of the agency]",1971 - 1971,1971,1971,Closed,Withheld pending adv,2016-05-04 00:00:00
548753,3107/40/87 PART 21,China - Relations with Japan,A1838,"Correspondence files, multiple number series [Main correspondence files series of the agency]",1974 - 1974,1974,1974,Closed,Withheld pending adv,2016-05-04 00:00:00
586404,3107/9/1 PART 1,China - Economic - Agriculture - General,A1838,"Correspondence files, multiple number series [Main correspondence files series of the agency]",1955 - 1963,1955,1963,Closed,Withheld pending adv,2016-05-04 00:00:00
548373,3127/1/1 PART 4,Korea - Internal General - Including Tours by Australian Representatives,A1838,"Correspondence files, multiple number series [Main correspondence files series of the agency]",1972 - 1973,1972,1973,Closed,Withheld pending adv,2016-05-04 00:00:00
589324,175/1/1 PART 3,Israel - Internal - General,A1838,"Correspondence files, multiple number series [Main correspondence files series of the agency]",1971 - 1975,1971,1975,Closed,Withheld pending adv,2016-05-04 00:00:00
1753067,233/9/1 PART 10,Cuba - Relations with Australia,A1838,"Correspondence files, multiple number series [Main correspondence files series of the agency]",1981 - 1983,1981,1983,Closed,Withheld pending adv,2016-05-16 00:00:00
1753068,233/9/1 PART 11,Cuba - Relations with Australia,A1838,"Correspondence files, multiple number series [Main correspondence files series of the agency]",1983 - 1984,1983,1984,Closed,Withheld pending adv,2016-05-16 00:00:00
1753069,233/9/1 PART 13,Cuba - Relations with Australia,A1838,"Correspondence files, multiple number series [Main correspondence files series of the agency]",1985 - 1985,1985,1985,Closed,Withheld pending adv,2016-05-16 00:00:00
1753071,233/9/1 PART 15,Cuba - Relations with Australia,A1838,"Correspondence files, multiple number series [Main correspondence files series of the agency]",1986 - 1986,1986,1986,Closed,Withheld pending adv,2016-05-16 00:00:00
1757350,838/1 PART 3,Cuba - Economic relations with Australia,A1838,"Correspondence files, multiple number series [Main correspondence files series of the agency]",1980 - 1987,1980,1987,Closed,Withheld pending adv,2016-05-16 00:00:00
1513666,3127/11/161 PART 23,South Korea - Relations with USA,A1838,"Correspondence files, multiple number series [Main correspondence files series of the agency]",1981 - 1983,1981,1983,Closed,Withheld pending adv,2016-05-16 00:00:00
1513713,3125/2/1 PART 21,North Korea - Political,A1838,"Correspondence files, multiple number series [Main correspondence files series of the agency]",1987 - 1987,1987,1987,Closed,Withheld pending adv,2016-05-16 00:00:00
1513751,3127/1/1 PART 13,Korea - Internal and general - Republic of Korea general,A1838,"Correspondence files, multiple number series [Main correspondence files series of the agency]",1982 - 1983,1982,1983,Closed,Withheld pending adv,2016-05-16 00:00:00
1514570,3000/2/9/1 PART 50,Indo China - Australian policy towards Indo Chinese refugees,A1838,"Correspondence files, multiple number series [Main correspondence files series of the agency]",1985 - 1985,1985,1985,Closed,Withheld pending adv,2016-05-16 00:00:00
1874230,69/1/3 PART 94,USSR [Union of Soviet Socialist Republics] - Relations with Australia,A1838,"Correspondence files, multiple number series [Main correspondence files series of the agency]",1987 - 1987,1987,1987,Closed,Withheld pending adv,2016-05-16 00:00:00
1901690,69/1/3 PART 90,USSR [Union of Soviet Socialist Republics] - Relations with Australia,A1838,"Correspondence files, multiple number series [Main correspondence files series of the agency]",1985 - 1986,1985,1986,Closed,Withheld pending adv,2016-05-16 00:00:00
1901691,69/1/3 PART 91,USSR [Union of Soviet Socialist Republics] - Relations with Australia,A1838,"Correspondence files, multiple number series [Main correspondence files series of the agency]",1986 - 1986,1986,1986,Closed,Withheld pending adv,2016-05-16 00:00:00
1549709,48/1/3 PART 30,Poland - Relations with Australia,A1838,"Correspondence files, multiple number series [Main correspondence files series of the agency]",1984 - 1985,1984,1985,Closed,Withheld pending adv,2016-05-16 00:00:00
1555824,720/5/1/1/1 PART 2,United Kingdom - Safeguards agreement with Australia - Negotiating history,A1838,"Correspondence files, multiple number series [Main correspondence files series of the agency]",1977 - 1978,1977,1978,Closed,Withheld pending adv,2016-05-16 00:00:00
1604285,233/9/1 PART 12,Cuba - Relations with Australia,A1838,"Correspondence files, multiple number series [Main correspondence files series of the agency]",1984 - 1985,1984,1985,Closed,Withheld pending adv,2016-05-16 00:00:00
1604287,233/9/1 PART 16,Cuba - Relations with Australia,A1838,"Correspondence files, multiple number series [Main correspondence files series of the agency]",1986 - 1988,1986,1988,Closed,Withheld pending adv,2016-05-16 00:00:00
1700288,250/7/1 PART 19,USA - Foreign policy - General,A1838,"Correspondence files, multiple number series [Main correspondence files series of the agency]",1968 - 1968,1968,1968,Closed,Withheld pending adv,2016-05-16 00:00:00
1728818,48/1/3 PART 11,Poland - Relations with Australia,A1838,"Correspondence files, multiple number series [Main correspondence files series of the agency]",1980 - 1980,1980,1980,Closed,Withheld pending adv,2016-05-16 00:00:00
3338499,1558/1/44 PART 35,International Court of Justice - Advisory opinions French Nuclear tests Australia vs France,A1838,"Correspondence files, multiple number series [Main correspondence files series of the agency]",1973 - 1973,1973,1973,Closed,Withheld pending adv,2016-05-16 00:00:00
3338467,1558/1/44 PART 2,International Court of Justice - Advisory opinions French Nuclear tests Australia vs France,A1838,"Correspondence files, multiple number series [Main correspondence files series of the agency]",1972 - 1973,1972,1973,Closed,Withheld pending adv,2016-05-16 00:00:00
549671,3020/10/1 PART 2,North Vietnam - Relations with Australia - General,A1838,"Correspondence files, multiple number series [Main correspondence files series of the agency]",1970 - 1973,1970,1973,Closed,Withheld pending adv,2016-05-16 00:00:00
548315,3123/2 PART 22,Korea - Consideration of Korean Question by General Assembly,A1838,"Correspondence files, multiple number series [Main correspondence files series of the agency]",1975 - 1975,1975,1975,Closed,Withheld pending adv,2016-05-16 00:00:00
557873,3020/10/1 PART 4,North Vietnam - Relations with Australia - General,A1838,"Correspondence files, multiple number series [Main correspondence files series of the agency]",1974 - 1974,1974,1974,Closed,Withheld pending adv,2016-05-16 00:00:00
586328,3107/7/3 PART 1,Tibet - General,A1838,"Correspondence files, multiple number series [Main correspondence files series of the agency]",1954 - 1956,1954,1956,Closed,Withheld pending adv,2016-05-16 00:00:00
1872075,1733/3/2 PART 20,Law of the sea - Delimitation - Australia - Indonesia,A1838,"Correspondence files, multiple number series [Main correspondence files series of the agency]",1981 - 1981,1981,1981,Closed,Withheld pending adv,2016-05-18 00:00:00
1872076,1733/3/2 PART 21,Law of the sea - Delimitation - Australia - Indonesia,A1838,"Correspondence files, multiple number series [Main correspondence files series of the agency]",1981 - 1982,1981,1982,Closed,Withheld pending adv,2016-05-18 00:00:00
1872077,1733/3/2 PART 22,Law of the sea - Delimitation - Australia - Indonesia,A1838,"Correspondence files, multiple number series [Main correspondence files series of the agency]",1982 - 1983,1982,1983,Closed,Withheld pending adv,2016-05-18 00:00:00
1872078,1733/3/2 PART 23,Law of the sea - Delimitation - Australia - Indonesia,A1838,"Correspondence files, multiple number series [Main correspondence files series of the agency]",1983 - 1983,1983,1983,Closed,Withheld pending adv,2016-05-18 00:00:00
1872079,1733/3/2 PART 24,Law of the sea - Delimitation - Australia - Indonesia,A1838,"Correspondence files, multiple number series [Main correspondence files series of the agency]",1983 - 1983,1983,1983,Closed,Withheld pending adv,2016-05-18 00:00:00
1872080,1733/3/2 PART 25,Law of the sea - Delimitation - Australia - Indonesia,A1838,"Correspondence files, multiple number series [Main correspondence files series of the agency]",1984 - 1984,1984,1984,Closed,Withheld pending adv,2016-05-18 00:00:00
1872081,1733/3/2 PART 26,Law of the sea - Delimitation - Australia - Indonesia,A1838,"Correspondence files, multiple number series [Main correspondence files series of the agency]",1984 - 1984,1984,1984,Closed,Withheld pending adv,2016-05-18 00:00:00
1872082,1733/3/2 PART 27,Law of the sea - Delimitation - Australia - Indonesia,A1838,"Correspondence files, multiple number series [Main correspondence files series of the agency]",1984 - 1984,1984,1984,Closed,Withheld pending adv,2016-05-18 00:00:00
1872083,1733/3/2 PART 28,Law of the sea - Delimitation - Australia - Indonesia,A1838,"Correspondence files, multiple number series [Main correspondence files series of the agency]",1984 - 1985,1984,1985,Closed,Withheld pending adv,2016-05-18 00:00:00
1887095,1733/3/2 PART 29,Law of the sea - Delimitation Australia-Indonesia,A1838,"Correspondence files, multiple number series [Main correspondence files series of the agency]",1985 - 1985,1985,1985,Closed,Withheld pending adv,2016-05-18 00:00:00
1887096,1733/3/2 PART 30,Law of the sea - Delimitation Australia-Indonesia,A1838,"Correspondence files, multiple number series [Main correspondence files series of the agency]",1985 - 1985,1985,1985,Closed,Withheld pending adv,2016-05-18 00:00:00
1887097,1733/3/2 PART 32,Law of the sea - Delimitation Australia-Indonesia,A1838,"Correspondence files, multiple number series [Main correspondence files series of the agency]",1985 - 1986,1985,1986,Closed,Withheld pending adv,2016-05-18 00:00:00
1887098,1733/3/2 PART 33,Law of the sea - Delimitation Australia-Indonesia,A1838,"Correspondence files, multiple number series [Main correspondence files series of the agency]",1986 - 1986,1986,1986,Closed,Withheld pending adv,2016-05-18 00:00:00
1887099,1733/3/2 PART 34,Law of the sea - Delimitation Australia-Indonesia,A1838,"Correspondence files, multiple number series [Main correspondence files series of the agency]",1986 - 1987,1986,1987,Closed,Withheld pending adv,2016-05-18 00:00:00
1887100,1733/3/2 PART 36,Law of the sea - Delimitation Australia-Indonesia,A1838,"Correspondence files, multiple number series [Main correspondence files series of the agency]",1986 - 1987,1986,1987,Closed,Withheld pending adv,2016-05-18 00:00:00
1753059,233/9/1 PART 7,Cuba - Relations with Australia,A1838,"Correspondence files, multiple number series [Main correspondence files series of the agency]",1980 - 1980,1980,1980,Closed,Withheld pending adv,2016-05-25 00:00:00
1513745,3127/1/1 PART 11,Korea - Internal and general - Republic of Korea economy,A1838,"Correspondence files, multiple number series [Main correspondence files series of the agency]",1981 - 1981,1981,1981,Closed,Withheld pending adv,2016-05-25 00:00:00
1514804,3005/11/52 PART 5,ASEAN - Relations with USSR,A1838,"Correspondence files, multiple number series [Main correspondence files series of the agency]",1980 - 1980,1980,1980,Closed,Withheld pending adv,2016-05-25 00:00:00
1874229,69/1/3 PART 93,USSR [Union of Soviet Socialist Republics] - Relations with Australia,A1838,"Correspondence files, multiple number series [Main correspondence files series of the agency]",1986 - 1987,1986,1987,Closed,Withheld pending adv,2016-05-25 00:00:00
273218,169/11/87 PART 9,India Relations with China,A1838,"Correspondence files, multiple number series [Main correspondence files series of the agency]",1960 - 1960,1960,1960,Closed,Withheld pending adv,2016-05-25 00:00:00
1604282,233/9/1 PART 6,Cuba - Relations with Australia,A1838,"Correspondence files, multiple number series [Main correspondence files series of the agency]",1979 - 1980,1979,1980,Closed,Withheld pending adv,2016-05-25 00:00:00
1702108,250/10/7/9 PART 20,USA - Relations with Indo China,A1838,"Correspondence files, multiple number series [Main correspondence files series of the agency]",1969 - 1969,1969,1969,Closed,Withheld pending adv,2016-05-25 00:00:00
1728876,48/1/3/12 PART 5,Poland - Foreign policy - Relations with Australia - Contingency measures,A1838,"Correspondence files, multiple number series [Main correspondence files series of the agency]",1981 - 1981,1981,1981,Closed,Withheld pending adv,2016-05-25 00:00:00
1745175,73/1/3/11 PART 5,Yugoslavia - Foreign policy - Relations with Australia - Visitors to Australia,A1838,"Correspondence files, multiple number series [Main correspondence files series of the agency]",1979 - 1979,1979,1979,Closed,Withheld pending adv,2016-05-25 00:00:00
546815,936/3/8/1 PART 2,Dependent Territories - Papua New Guinea - Soviet Interest in Papua New Guinea [120pp],A1838,"Correspondence files, multiple number series [Main correspondence files series of the agency]",1969 - 1971,1969,1971,Closed,Closed period | Withheld pending adv,2016-05-25 00:00:00
590305,3080/10/2/1,Papua New Guinea - Relations with Australia - Transitional Arrangements up to Independence - Transfer of Commonwealth Assets in Papua New Guinea - Defence,A1838,"Correspondence files, multiple number series [Main correspondence files series of the agency]",1973 - 1975,1973,1975,Closed,Withheld pending adv,2016-05-25 00:00:00
587940,73/1/3 PART 13,Yugoslavia - Relations with Australia,A1838,"Correspondence files, multiple number series [Main correspondence files series of the agency]",1971 - 1971,1971,1971,Closed,Withheld pending adv,2016-05-25 00:00:00
590773,25/1/4/39 PART 2,France - Relations with Vietnam,A1838,"Correspondence files, multiple number series [Main correspondence files series of the agency]",1966 - 1971,1966,1971,Closed,Withheld pending adv,2016-05-25 00:00:00
586233,761/2 PART 2,Korea Reports on Economic Developments,A1838,"Correspondence files, multiple number series [Main correspondence files series of the agency]",1954 - 1959,1954,1959,Closed,Withheld pending adv,2016-05-25 00:00:00
587769,69/1/4/35 PART 9,USSR - Relations with East & South East Asia,A1838,"Correspondence files, multiple number series [Main correspondence files series of the agency]",1970 - 1970,1970,1970,Closed,Withheld pending adv,2016-05-25 00:00:00
1753065,233/9/1 PART 8,Cuba - Relations with Australia,A1838,"Correspondence files, multiple number series [Main correspondence files series of the agency]",1980 - 1981,1980,1981,Closed,Withheld pending adv,2016-05-30 00:00:00
1753066,233/9/1 PART 9,Cuba - Relations with Australia,A1838,"Correspondence files, multiple number series [Main correspondence files series of the agency]",1981 - 1981,1981,1981,Closed,Withheld pending adv,2016-05-30 00:00:00
1515785,3127/7/4 PART 14,South Korea - Soviet attack on Republic of Korea airliner,A1838,"Correspondence files, multiple number series [Main correspondence files series of the agency]",1983 - 1984,1983,1984,Closed,Withheld pending adv,2016-05-30 00:00:00
1874270,73/1/3/3 PART 2,Yugoslavia - Representation in Australia,A1838,"Correspondence files, multiple number series [Main correspondence files series of the agency]",1970 - 1977,1970,1977,Closed,Withheld pending adv,2016-05-30 00:00:00
1549715,48/1/3/4 PART 3,Poland - Visitors to Australia,A1838,"Correspondence files, multiple number series [Main correspondence files series of the agency]",1977 - 1978,1977,1978,Closed,Withheld pending adv,2016-05-30 00:00:00
1559365,689/2/11 PART 2,Papua New Guinea defence status of foreign forces agreement - Foreign,A1838,"Correspondence files, multiple number series [Main correspondence files series of the agency]",1974 - 1974,1974,1974,Closed,Withheld pending adv,2016-05-30 00:00:00
1731784,155/21/1 PART 26,Africa - General - Indian Ocean - Political,A1838,"Correspondence files, multiple number series [Main correspondence files series of the agency]",1986 - 1987,1986,1987,Closed,Withheld pending adv,2016-05-30 00:00:00
1513714,3125/2/1 PART 22,North Korea - Political,A1838,"Correspondence files, multiple number series [Main correspondence files series of the agency]",1987 - 1988,1987,1988,Closed,Withheld pending adv,2016-05-30 00:00:00
1513717,3125/4/1 PART 4,Political - Democratic Peoples Republic of Korea [DPRK] - Economic - General,A1838,"Correspondence files, multiple number series [Main correspondence files series of the agency]",1987 - 1989,1987,1989,Closed,Withheld pending adv,2016-05-30 00:00:00
585087,250/2/1 PART 13,United States of America - Political - General,A1838,"Correspondence files, multiple number series [Main correspondence files series of the agency]",1969 - 1970,1969,1970,Closed,Withheld pending adv,2016-05-30 00:00:00
557875,3020/10/1 PART 5,North Vietnam - Relations with Australia - General,A1838,"Correspondence files, multiple number series [Main correspondence files series of the agency]",1974 - 1974,1974,1974,Closed,Withheld pending adv,2016-05-30 00:00:00
559253,319/1/3 PART 6,Gilbert Islands and Ellice Islands - Colony re-settlement of population - Banabans - Rabi,A1838,"Correspondence files, multiple number series [Main correspondence files series of the agency]",1974 - 1975,1974,1975,Closed,Withheld pending adv,2016-05-30 00:00:00
563325,1255/202,Diplomatic immunity from Legal Action,A1838,"Correspondence files, multiple number series [Main correspondence files series of the agency]",1959 - 1963,1959,1963,Closed,Withheld pending adv,2016-05-30 00:00:00
1753070,233/9/1 PART 14,Cuba - Relations with Australia,A1838,"Correspondence files, multiple number series [Main correspondence files series of the agency]",1985 - 1986,1985,1986,Closed,Withheld pending adv,2016-05-31 00:00:00
1511675,3107/40/147 PART 38,China - Relations with India,A1838,"Correspondence files, multiple number series [Main correspondence files series of the agency]",1980 - 1981,1980,1981,Closed,Withheld pending adv,2016-05-31 00:00:00
1513544,3127/10/1 PART 24,South Korea - Relations with Australia,A1838,"Correspondence files, multiple number series [Main correspondence files series of the agency]",1981 - 1981,1981,1981,Closed,Withheld pending adv,2016-05-31 00:00:00
1514572,3000/2/9/1 PART 54,Indo China - Australian policy towards Indo Chinese refugees,A1838,"Correspondence files, multiple number series [Main correspondence files series of the agency]",1985 - 1986,1985,1986,Closed,Withheld pending adv,2016-05-31 00:00:00
1514573,3000/2/9/1 PART 61,Indo China - Australian policy towards Indo Chinese refugees,A1838,"Correspondence files, multiple number series [Main correspondence files series of the agency]",1986 - 1987,1986,1987,Closed,Withheld pending adv,2016-05-31 00:00:00
1514580,3000/2/12 PART 3,"Indo China - Relations between Laos, Kampuchea, Vietnam",A1838,"Correspondence files, multiple number series [Main correspondence files series of the agency]",1980 - 1982,1980,1982,Closed,Withheld pending adv,2016-05-31 00:00:00
1514599,3000/2/15 PART 7,Indo China - Refugees - International attitudes,A1838,"Correspondence files, multiple number series [Main correspondence files series of the agency]",1979 - 1979,1979,1979,Closed,Withheld pending adv,2016-05-31 00:00:00
1514603,3000/2/15 PART 17,Indo China - Refugees - International attitudes,A1838,"Correspondence files, multiple number series [Main correspondence files series of the agency]",1981 - 1981,1981,1981,Closed,Withheld pending adv,2016-05-31 00:00:00
1514607,3000/2/15 PART 23,Indo China - Refugees - International attitudes,A1838,"Correspondence files, multiple number series [Main correspondence files series of the agency]",1981 - 1982,1981,1982,Closed,Withheld pending adv,2016-05-31 00:00:00
1515778,3127/7/4 PART 10,South Korea - Soviet attack on Republic of Korea airliner,A1838,"Correspondence files, multiple number series [Main correspondence files series of the agency]",1983 - 1983,1983,1983,Closed,Withheld pending adv,2016-05-31 00:00:00
1515780,3127/7/4 PART 11,South Korea - Soviet attack on Republic of Korea airliner,A1838,"Correspondence files, multiple number series [Main correspondence files series of the agency]",1983 - 1983,1983,1983,Closed,Withheld pending adv,2016-05-31 00:00:00
1875418,697/8/5 PART 62,Defence policy - Indian Ocean - Zone of peace,A1838,"Correspondence files, multiple number series [Main correspondence files series of the agency]",1982 - 1982,1982,1982,Closed,Withheld pending adv,2016-05-31 00:00:00
1700179,250/2/1 PART 9,USA - Political - General,A1838,"Correspondence files, multiple number series [Main correspondence files series of the agency]",1968 - 1969,1968,1969,Closed,Withheld pending adv,2016-05-31 00:00:00
1365754,2036/5 PART 4,Developmental needs of South East Asian countries - Indonesia - General,A1838,"Correspondence files, multiple number series [Main correspondence files series of the agency]",1967 - 1975,1967,1975,Closed,Withheld pending adv,2016-05-31 00:00:00
1728836,48/1/3 PART 21,Poland - Relations with Australia,A1838,"Correspondence files, multiple number series [Main correspondence files series of the agency]",1982 - 1982,1982,1982,Closed,Withheld pending adv,2016-05-31 00:00:00
1728865,48/1/3/5 PART 5,Poland - Foreign policy - Relations with Australia - Australian representation in Poland,A1838,"Correspondence files, multiple number series [Main correspondence files series of the agency]",1982 - 1983,1982,1983,Closed,Withheld pending adv,2016-05-31 00:00:00
1513321,3000/2/15 PART 13,Indo China - Refugees - International attitudes,A1838,"Correspondence files, multiple number series [Main correspondence files series of the agency]",1979 - 1979,1979,1979,Closed,Withheld pending adv,2016-05-31 00:00:00
590460,3100/5/15 PART 2,SRD - Special Regional Developments - Regional Political Developments - Korea,A1838,"Correspondence files, multiple number series [Main correspondence files series of the agency]",1974 - 01 Jan 1800,1974,1800,Closed,Withheld pending adv,2016-05-31 00:00:00
1763274,1733/3/2 PART 11,Law of the sea - Delimitation Australia Indonesia,A1838,"Correspondence files, multiple number series [Main correspondence files series of the agency]",1979 - 1979,1979,1979,Closed,Withheld pending adv,2016-06-07 00:00:00
1763275,1733/3/2 PART 13,Law of the sea - Delimitation Australia Indonesia,A1838,"Correspondence files, multiple number series [Main correspondence files series of the agency]",1979 - 1980,1979,1980,Closed,Withheld pending adv,2016-06-07 00:00:00
1763276,1733/3/2 PART 15,Law of the sea - Delimitation Australia Indonesia,A1838,"Correspondence files, multiple number series [Main correspondence files series of the agency]",1980 - 1980,1980,1980,Closed,Withheld pending adv,2016-06-07 00:00:00
1763277,1733/3/2 PART 16,Law of the sea - Delimitation Australia Indonesia,A1838,"Correspondence files, multiple number series [Main correspondence files series of the agency]",1980 - 1980,1980,1980,Closed,Withheld pending adv,2016-06-07 00:00:00
1761747,720/5/50 PART 7,Atomic Energy  - Australia - Relations with Iran,A1838,"Correspondence files, multiple number series [Main correspondence files series of the agency]",1979 - 1984,1979,1984,Closed,33(1)(a) | Withheld pending adv,2016-06-14 00:00:00
587543,69/1/3/6/1 PART 9,USSR - Foreign Policy - Relations with Australia - Soviet Visitors,A1838,"Correspondence files, multiple number series [Main correspondence files series of the agency]",1971 - 1973,1971,1973,Closed,Withheld pending adv,2016-06-15 00:00:00
1605974,250/9/9/25 PART 1,United States of America - Australian relations - Visit of Vice-President Rockefeller to Australia,A1838,"Correspondence files, multiple number series [Main correspondence files series of the agency]",1975 - 1976,1975,1976,Closed,Withheld pending adv,2016-06-23 00:00:00
1606013,250/9/9/31 PART 1,United States of America-Australia relations - Visitors to Australia - Vice-President Mr Bush,A1838,"Correspondence files, multiple number series [Main correspondence files series of the agency]",1981 - 1982,1981,1982,Closed,Withheld pending adv,2016-06-23 00:00:00
583669,3034/3/10 PART 1,Indonesia - Administrative and Social Youth & Student Organisation,A1838,"Correspondence files, multiple number series [Main correspondence files series of the agency]",1960 - 1966,1960,1966,Closed,Withheld pending adv,2016-06-28 00:00:00
1558065,555/1/62 PART 1,Information publicity overseas - Malaysia,A1838,"Correspondence files, multiple number series [Main correspondence files series of the agency]",1966 - 1975,1966,1975,Closed,Withheld pending adv,2016-06-29 00:00:00
1511152,3107/12/4 PART 1,China - Youth and student affairs,A1838,"Correspondence files, multiple number series [Main correspondence files series of the agency]",1960 - 1969,1960,1969,Closed,Withheld pending adv,2016-06-30 00:00:00
1510184,552/6/13 PART 1,Biographical notes received from overseas posts,A1838,"Correspondence files, multiple number series [Main correspondence files series of the agency]",1952 - 1954,1952,1954,Closed,Withheld pending adv,2016-06-30 00:00:00
567984,569/26 PART 3,Publicity - Background papers for newspaper editors,A1838,"Correspondence files, multiple number series [Main correspondence files series of the agency]",1958 - 1964,1958,1964,Closed,Withheld pending adv,2016-06-30 00:00:00
553398,555/7/8,Publicity - Information activity - Publicity - Vietnam,A1838,"Correspondence files, multiple number series [Main correspondence files series of the agency]",1958 - 1965,1958,1965,Closed,Closed period | Withheld pending adv,2016-06-30 00:00:00
545877,914/8 PART 1,"United Nations Security Council, Oman",A1838,"Correspondence files, multiple number series [Main correspondence files series of the agency]",1957 - 1962,1957,1962,Closed,Withheld pending adv,2016-07-01 00:00:00
572269,914/8 PART 2,United Nations - Oman - Security Council,A1838,"Correspondence files, multiple number series [Main correspondence files series of the agency]",1963 - 1965,1963,1965,Closed,Withheld pending adv,2016-07-01 00:00:00
842105,TS682/22/6/1,Commonwealth Strategic Reserve - Far East - RAAF component exchange visits and training flights policy and procedure,A1838,"Correspondence files, multiple number series [Main correspondence files series of the agency]",1958 - 1964,1958,1964,Closed,Withheld pending adv,2016-07-01 00:00:00
1757225,696/1/16 PART 9,Five power arrangements - Overall command and control arrangements,A1838,"Correspondence files, multiple number series [Main correspondence files series of the agency]",1972 - 1972,1972,1972,Closed,Withheld pending adv,2016-07-04 00:00:00
1371156,938/17/23/2 PART 1,Law of the sea - 3rd UN law of the sea conference 3rd session 1975,A1838,"Correspondence files, multiple number series [Main correspondence files series of the agency]",1974 - 1974,1974,1974,Closed,Withheld pending adv,2016-07-06 00:00:00
1371158,938/17/23/2 PART 2,Law of the sea - 3rd UN law of the sea conference 3rd session 1975,A1838,"Correspondence files, multiple number series [Main correspondence files series of the agency]",1974 - 1975,1974,1975,Closed,Withheld pending adv,2016-07-07 00:00:00
546999,938/17/23/2 PART 3,Law of the Sea - 3rd United Nations Law of the Sea Conference - 3rd Session 1975,A1838,"Correspondence files, multiple number series [Main correspondence files series of the agency]",1974 - 1975,1974,1975,Closed,Withheld pending adv,2016-07-07 00:00:00
581615,73/1/3 PART 6,Yugoslavia - Foreign Policy - Relations with Australia,A1838,"Correspondence files, multiple number series [Main correspondence files series of the agency]",1967 - 1968,1967,1968,Closed,Withheld pending adv,2016-07-08 00:00:00
587778,69/1/4/35 PART 13,USSR - Relations with East & South East Asia,A1838,"Correspondence files, multiple number series [Main correspondence files series of the agency]",1973 - 1973,1973,1973,Closed,Withheld pending adv,2016-07-08 00:00:00
1371149,938/17/23/1 PART 2,Law of the sea - 3rd UN law of the sea conference 2nd session 1974,A1838,"Correspondence files, multiple number series [Main correspondence files series of the agency]",1974 - 1974,1974,1974,Closed,Withheld pending adv,2016-07-13 00:00:00
1762040,1735/5/1,Law of the sea - 3rd conference - 2nd session - 1st Committee,A1838,"Correspondence files, multiple number series [Main correspondence files series of the agency]",1974 - 1975,1974,1975,Closed,Withheld pending adv,2016-07-13 00:00:00
1762042,1735/5/2 PART 1,Law of the sea - 3rd conference - 2nd session - 2nd Committee,A1838,"Correspondence files, multiple number series [Main correspondence files series of the agency]",1974 - 1974,1974,1974,Closed,Withheld pending adv,2016-07-13 00:00:00
1762043,1735/5/2 PART 2,Law of the sea - 3rd conference - 2nd session - 2nd Committee,A1838,"Correspondence files, multiple number series [Main correspondence files series of the agency]",1974 - 1974,1974,1974,Closed,Withheld pending adv,2016-07-13 00:00:00
1762044,1735/5/3 PART 1,Law of the sea - Third conference - Second session - Third Committee,A1838,"Correspondence files, multiple number series [Main correspondence files series of the agency]",1974 - 1984,1974,1984,Closed,Withheld pending adv,2016-07-13 00:00:00
1762045,1735/6/1 PART 1,Law of the sea - Third session - First Committee,A1838,"Correspondence files, multiple number series [Main correspondence files series of the agency]",1974 - 1975,1974,1975,Closed,Withheld pending adv,2016-07-13 00:00:00
1371147,938/17/23/1 PART 1,Law of the sea - 3rd UN law of the sea conference 2nd session 1974,A1838,"Correspondence files, multiple number series [Main correspondence files series of the agency]",1974 - 1974,1974,1974,Closed,Withheld pending adv,2016-07-13 00:00:00
1371151,938/17/23/1 PART 3,Law of the sea - 3rd UN law of the sea conference 2nd session 1974,A1838,"Correspondence files, multiple number series [Main correspondence files series of the agency]",1974 - 1974,1974,1974,Closed,Withheld pending adv,2016-07-13 00:00:00
1371152,938/17/23/1/3 PART 1,Law of the sea - 3rd UN conference 2nd session sub-committee No 3,A1838,"Correspondence files, multiple number series [Main correspondence files series of the agency]",1974 - 1974,1974,1974,Closed,Withheld pending adv,2016-07-13 00:00:00
547665,3008/11/87/6,Burma - Sino Burmese Treaty of Friendship and Mutual Non Agression,A1838,"Correspondence files, multiple number series [Main correspondence files series of the agency]",1960 - 1964,1960,1964,Closed,Withheld pending adv,2016-08-03 00:00:00
1365764,2020/1/31 PART 36,Colombo Plan - Policy - Finance - Indonesia,A1838,"Correspondence files, multiple number series [Main correspondence files series of the agency]",1967 - 1975,1967,1975,Closed,Withheld pending adv,2016-08-08 00:00:00
1389754,370/1/20 PART 30,New Zealand - ANZAC and ANZUS including possible revision,A1838,"Correspondence files, multiple number series [Main correspondence files series of the agency]",1985 - 1985,1985,1985,Closed,33(1)(a) | Withheld pending adv,2016-08-08 00:00:00
548371,3127/1/1 PART 2,Korea - Internal General - Including Tours by Australian Representatives,A1838,"Correspondence files, multiple number series [Main correspondence files series of the agency]",1968 - 1971,1968,1971,Closed,Withheld pending adv,2016-08-08 00:00:00
548370,3126/2/3 PART 1,DPRK - Republic of Korea - Relations Military Confrontation Infiltrations,A1838,"Correspondence files, multiple number series [Main correspondence files series of the agency]",1968 - 1968,1968,1968,Closed,Withheld pending adv,2016-08-08 00:00:00
548304,3123/2 PART 13,Korea - Consideration of Korean Question by General Assembly,A1838,"Correspondence files, multiple number series [Main correspondence files series of the agency]",1973 - 1973,1973,1973,Closed,Withheld pending adv,2016-08-08 00:00:00
1653912,625/14/49 PART 1,Australia's relations with France - Nuclear testing,A1838,"Correspondence files, multiple number series [Main correspondence files series of the agency]",1972 - 1973,1972,1973,Closed,Withheld pending adv,2016-08-09 00:00:00
1700439,250/9/1/6 PART 1,USA - Relations with Australia - General task force on the implications of the Reagan administration 1981,A1838,"Correspondence files, multiple number series [Main correspondence files series of the agency]",1980 - 1981,1980,1981,Closed,Withheld pending adv,2016-08-09 00:00:00
548306,3123/2 PART 15,Korea - Consideration of Korean Question by General Assembly,A1838,"Correspondence files, multiple number series [Main correspondence files series of the agency]",1973 - 1973,1973,1973,Closed,Withheld pending adv,2016-08-15 00:00:00
548309,3123/2 PART 18,Korea - Consideration of Korean Question by General Assembly,A1838,"Correspondence files, multiple number series [Main correspondence files series of the agency]",1974 - 1975,1974,1975,Closed,Withheld pending adv,2016-08-15 00:00:00
3338498,1558/1/44 PART 34,International Court of Justice - Advisory opinions French Nuclear tests Australia vs France,A1838,"Correspondence files, multiple number series [Main correspondence files series of the agency]",1973 - 1973,1973,1973,Closed,Withheld pending adv,2016-08-15 00:00:00
548111,3107/40/91 PART 6,China - Relations with North Korea,A1838,"Correspondence files, multiple number series [Main correspondence files series of the agency]",1971 - 1971,1971,1971,Closed,Withheld pending adv,2016-08-15 00:00:00
1745152,73/1/3 PART 27,Yugoslavia - Relations with Australia,A1838,"Correspondence files, multiple number series [Main correspondence files series of the agency]",1978 - 1978,1978,1978,Closed,Withheld pending adv,2016-08-18 00:00:00
1515285,3107/38/9/4 PART 1,PRC (Peoples Republic of China) - Australian treaty of nationality and consular agreements,A1838,"Correspondence files, multiple number series [Main correspondence files series of the agency]",1973 - 1975,1973,1975,Closed,Withheld pending adv,2016-08-19 00:00:00
1887573,3020/10/1/2 PART 1,North Vietnam - Relations with Australia - Australian statements,A1838,"Correspondence files, multiple number series [Main correspondence files series of the agency]",1972 - 1989,1972,1989,Closed,Withheld pending adv,2016-08-22 00:00:00
1504998,3020/10/1 PART 11,North Vietnam - Relations with Australia,A1838,"Correspondence files, multiple number series [Main correspondence files series of the agency]",1975 - 1976,1975,1976,Closed,Withheld pending adv,2016-08-22 00:00:00
1730803,3020/10/1 PART 8,North Vietnam - Relations with Australia - General,A1838,"Correspondence files, multiple number series [Main correspondence files series of the agency]",1975 - 1975,1975,1975,Closed,Withheld pending adv,2016-08-22 00:00:00
1732711,683/71/49 PART 1,NIC documents - The Soviet role in Asia,A1838,"Correspondence files, multiple number series [Main correspondence files series of the agency]",1970 - 1971,1970,1971,Closed,Withheld pending adv,2016-08-22 00:00:00
3338495,1558/1/44 PART 31,International Court of Justice - Advisory opinions French Nuclear tests Australia vs France,A1838,"Correspondence files, multiple number series [Main correspondence files series of the agency]",1973 - 1973,1973,1973,Closed,Withheld pending adv,2016-08-22 00:00:00
548311,3123/2 PART 19,Korea - Consideration of Korean Question by General Assembly,A1838,"Correspondence files, multiple number series [Main correspondence files series of the agency]",1975 - 1975,1975,1975,Closed,Withheld pending adv,2016-08-23 00:00:00
1725144,250/9/10/3 PART 3,USA - Relations with Australia - Visit by Prime Minister of Australia,A1838,"Correspondence files, multiple number series [Main correspondence files series of the agency]",1969 - 1969,1969,1969,Closed,Withheld pending adv,2016-08-24 00:00:00
1511673,3107/40/147 PART 36,China - Relations with India,A1838,"Correspondence files, multiple number series [Main correspondence files series of the agency]",1978 - 1979,1978,1979,Closed,Withheld pending adv,2016-08-24 00:00:00
1745180,73/1/3/11/1 PART 2,Yugoslavia - Relations with Australia - Visit of Yugoslav Prime Minister,A1838,"Correspondence files, multiple number series [Main correspondence files series of the agency]",1973 - 1983,1973,1983,Closed,Withheld pending adv,2016-08-24 00:00:00
3338518,1558/1/44 PART 45,International Court of Justice - Advisory opinions French Nuclear tests Australia vs France,A1838,"Correspondence files, multiple number series [Main correspondence files series of the agency]",1973 - 1973,1973,1973,Closed,Withheld pending adv,2016-08-24 00:00:00
3338496,1558/1/44 PART 32,International Court of Justice - Advisory opinions French Nuclear tests Australia vs France,A1838,"Correspondence files, multiple number series [Main correspondence files series of the agency]",1973 - 1973,1973,1973,Closed,Withheld pending adv,2016-08-24 00:00:00
1871767,1558/1/44 PART 16,International Court of Justice - Advisory opinions - French nuclear tests - Australia v's France,A1838,"Correspondence files, multiple number series [Main correspondence files series of the agency]",1973 - 1973,1973,1973,Closed,Withheld pending adv,2016-08-29 00:00:00
3338520,1558/1/44 PART 46,International Court of Justice - Advisory opinions French Nuclear tests Australia vs France,A1838,"Correspondence files, multiple number series [Main correspondence files series of the agency]",1973 - 1973,1973,1973,Closed,Withheld pending adv,2016-08-29 00:00:00
548312,3123/2 PART 20,Korea - Consideration of Korean Question by General Assembly,A1838,"Correspondence files, multiple number series [Main correspondence files series of the agency]",1975 - 1975,1975,1975,Closed,Withheld pending adv,2016-08-29 00:00:00
546434,919/13/4 PART 30,France - Disarmament - Nuclear Weapons Testing,A1838,"Correspondence files, multiple number series [Main correspondence files series of the agency]",1972 - 1972,1972,1972,Closed,Withheld pending adv,2016-08-29 00:00:00
1728815,48/1/3 PART 8,Poland - Relations with Australia,A1838,"Correspondence files, multiple number series [Main correspondence files series of the agency]",1978 - 1979,1978,1979,Closed,Withheld pending adv,2016-08-31 00:00:00
1728872,48/1/3/12 PART 3,Poland - Foreign policy - Relations with Australia - Contingency measures,A1838,"Correspondence files, multiple number series [Main correspondence files series of the agency]",1981 - 1981,1981,1981,Closed,Withheld pending adv,2016-08-31 00:00:00
3338487,1558/1/44 PART 25,International Court of Justice - Advisory opinions French Nuclear tests Australia vs France,A1838,"Correspondence files, multiple number series [Main correspondence files series of the agency]",1973 - 1973,1973,1973,Closed,Withheld pending adv,2016-08-31 00:00:00
546467,919/13/4 PART 59,France - Disarmament - Nuclear Weapons Testing,A1838,"Correspondence files, multiple number series [Main correspondence files series of the agency]",1974 - 1974,1974,1974,Closed,Withheld pending adv,2016-08-31 00:00:00
546459,919/13/4 PART 51,France - Disarmament - Nuclear Weapons Testing,A1838,"Correspondence files, multiple number series [Main correspondence files series of the agency]",1973 - 1973,1973,1973,Closed,Withheld pending adv,2016-09-01 00:00:00
635277,919/13/4 PART 35,France - Disarmament - Nuclear Weapons Testing,A1838,"Correspondence files, multiple number series [Main correspondence files series of the agency]",1972 - 1972,1972,1972,Closed,Withheld pending adv,2016-09-05 00:00:00
3338486,1558/1/44 PART 24,International Court of Justice - Advisory opinions French Nuclear tests Australia vs France,A1838,"Correspondence files, multiple number series [Main correspondence files series of the agency]",1973 - 1973,1973,1973,Closed,Withheld pending adv,2016-09-06 00:00:00
3338503,1558/1/44 PART 39,International Court of Justice - Advisory opinions French Nuclear tests Australia vs France,A1838,"Correspondence files, multiple number series [Main correspondence files series of the agency]",1973 - 1973,1973,1973,Closed,Withheld pending adv,2016-09-06 00:00:00
549673,3020/10/1 PART 9,North Vietnam - Relations with Australia - General,A1838,"Correspondence files, multiple number series [Main correspondence files series of the agency]",1975 - 1975,1975,1975,Closed,Withheld pending adv,2016-09-06 00:00:00
1751459,206/2/1,Muscat and Oman - Political - General,A1838,"Correspondence files, multiple number series [Main correspondence files series of the agency]",1964 - 1975,1964,1975,Closed,Withheld pending adv,2016-09-07 00:00:00
1702253,250/11/12/3 PART 1,Political - USA - Defence - Disarmament - Chemical weapons and SDI,A1838,"Correspondence files, multiple number series [Main correspondence files series of the agency]",1985 - 1986,1985,1986,Closed,Withheld pending adv,2016-09-12 00:00:00
1744726,69/1/4/35 PART 20,USSR [Union of Soviet Socialist Republics] - Relations with East and South East Asia,A1838,"Correspondence files, multiple number series [Main correspondence files series of the agency]",1980 - 1983,1980,1983,Closed,Withheld pending adv,2016-09-13 00:00:00
1725223,919/8/11/1 PART 1,Disarmament - Chemical warfare - Agent Orange,A1838,"Correspondence files, multiple number series [Main correspondence files series of the agency]",1979 - 1982,1979,1982,Closed,Withheld pending adv,2016-09-14 00:00:00
3338502,1558/1/44 PART 38,International Court of Justice - Advisory opinions French Nuclear tests Australia vs France,A1838,"Correspondence files, multiple number series [Main correspondence files series of the agency]",1973 - 1973,1973,1973,Closed,Withheld pending adv,2016-09-14 00:00:00
1747706,169/10/1 PART 60,India - Relations with Australia,A1838,"Correspondence files, multiple number series [Main correspondence files series of the agency]",1988 - 1988,1988,1988,Closed,Withheld pending adv,2016-09-15 00:00:00
1747707,169/10/1 PART 61,India - Relations with Australia,A1838,"Correspondence files, multiple number series [Main correspondence files series of the agency]",1988 - 1988,1988,1988,Closed,Withheld pending adv,2016-09-15 00:00:00
1511476,3107/33/1 PART 38,China - Foreign policy - General,A1838,"Correspondence files, multiple number series [Main correspondence files series of the agency]",1979 - 1980,1979,1980,Closed,33(1)(a) | Withheld pending adv,2016-09-21 00:00:00
1550452,69/1/3/6/19 PART 2,Union of Soviet Socialist Republics - Foreign policy - Relations with Australia - General - Visits and exchanges - Moscow Olympic Games - Olympic Attache,A1838,"Correspondence files, multiple number series [Main correspondence files series of the agency]",1979 - 1979,1979,1979,Closed,Closed period | Withheld pending adv,2016-09-21 00:00:00
1515288,3107/38/9/4 PART 2,PRC (Peoples Republic of China) - Australian treaty of nationality and consular agreements,A1838,"Correspondence files, multiple number series [Main correspondence files series of the agency]",1975 - 1977,1975,1977,Closed,Withheld pending adv,2016-09-27 00:00:00
1602981,206/11/51 PART 1,Muscat and Oman - Relations with the United Kingdom,A1838,"Correspondence files, multiple number series [Main correspondence files series of the agency]",1960 - 1975,1960,1975,Closed,Withheld pending adv,2016-09-28 00:00:00
1512136,3103/10/20/1 PART 19,Japan - Relations with Australia - Basic Treaty of friendship and cooperation,A1838,"Correspondence files, multiple number series [Main correspondence files series of the agency]",1976 - 1976,1976,1976,Closed,Closed period | Withheld pending adv,2016-09-29 00:00:00
1871144,1628/3/50 PART 1,Legal treaties - Treaty practice of Hong Kong,A1838,"Correspondence files, multiple number series [Main correspondence files series of the agency]",1984 - 1987,1984,1987,Closed,Withheld pending adv,2016-09-29 00:00:00
248088,270/2/12/2 PART 1,"ANZUS Treaty - 12th Meeting Agenda, Brief, Proceedings, Report.",A1838,"Correspondence files, multiple number series [Main correspondence files series of the agency]",1963 - 1963,1963,1963,Closed,Withheld pending adv,2016-09-29 00:00:00
1512138,3103/10/20/1 PART 20,Japan - Relations with Australia - Basic Treaty of friendship and cooperation,A1838,"Correspondence files, multiple number series [Main correspondence files series of the agency]",1976 - 1976,1976,1976,Closed,Withheld pending adv,2016-09-29 00:00:00
1512927,3080/18/1/3/15 PART 2,Torres Strait Treaty,A1838,"Correspondence files, multiple number series [Main correspondence files series of the agency]",1978 - 1978,1978,1978,Closed,Withheld pending adv,2016-09-29 00:00:00
1759981,699/1/6 PART 5,Pacific Ocean - Nuclear free zone,A1838,"Correspondence files, multiple number series [Main correspondence files series of the agency]",1975 - 1975,1975,1975,Closed,Withheld pending adv,2016-10-04 00:00:00
1726058,919/13/4 PART 62,France - Disarmament - Nuclear weapons testing,A1838,"Correspondence files, multiple number series [Main correspondence files series of the agency]",1974 - 1977,1974,1977,Closed,Withheld pending adv,2016-10-04 00:00:00
3338416,1495/3/2/1 PART 27,Australian interests - Legal position and administration - General policy [ratification Antarctic Treaty and Treaty Bill],A1838,"Correspondence files, multiple number series [Main correspondence files series of the agency]",1974 - 1974,1974,1974,Closed,Withheld pending adv,2016-10-04 00:00:00
3338500,1558/1/44 PART 36,International Court of Justice - Advisory opinions French Nuclear tests Australia vs France,A1838,"Correspondence files, multiple number series [Main correspondence files series of the agency]",1973 - 1973,1973,1973,Closed,Withheld pending adv,2016-10-04 00:00:00
546469,919/13/4 PART 61,France - Disarmament - Nuclear Weapons Testing,A1838,"Correspondence files, multiple number series [Main correspondence files series of the agency]",1974 - 1974,1974,1974,Closed,Withheld pending adv,2016-10-04 00:00:00
546460,919/13/4 PART 52,France - Disarmament - Nuclear Weapons Testing,A1838,"Correspondence files, multiple number series [Main correspondence files series of the agency]",1973 - 1973,1973,1973,Closed,Withheld pending adv,2016-10-04 00:00:00
546446,919/13/4 PART 37,France - Disarmament - Nuclear Weapons Testing,A1838,"Correspondence files, multiple number series [Main correspondence files series of the agency]",1972 - 1972,1972,1972,Closed,Withheld pending adv,2016-10-04 00:00:00
635278,919/13/4 PART 38,France - Disarmament - Nuclear Weapons Testing,A1838,"Correspondence files, multiple number series [Main correspondence files series of the agency]",1972 - 1972,1972,1972,Closed,Withheld pending adv,2016-10-04 00:00:00
1504997,3020/10/1 PART 7,North Vietnam - Relations with Australia - General,A1838,"Correspondence files, multiple number series [Main correspondence files series of the agency]",1975 - 1975,1975,1975,Closed,Withheld pending adv,2016-10-05 00:00:00
3338469,1558/1/44 PART 4,International Court of Justice - Advisory opinions French Nuclear tests Australia vs France,A1838,"Correspondence files, multiple number series [Main correspondence files series of the agency]",1971 - 1973,1971,1973,Closed,Withheld pending adv,2016-10-05 00:00:00
3338505,1558/1/44 PART 41,International Court of Justice - Advisory opinions French Nuclear tests Australia vs France,A1838,"Correspondence files, multiple number series [Main correspondence files series of the agency]",1973 - 1973,1973,1973,Closed,Withheld pending adv,2016-10-05 00:00:00
1755113,680/8/66 PART 2,Sale of arms and warlike stores by Australia to the Trucial States including Oman,A1838,"Correspondence files, multiple number series [Main correspondence files series of the agency]",1974 - 1977,1974,1977,Closed,Withheld pending adv,2016-10-06 00:00:00
1906562,680/8/66 PART 1,Sale of arms to Trucial States (Including Oman),A1838,"Correspondence files, multiple number series [Main correspondence files series of the agency]",1965 - 1974,1965,1974,Closed,Withheld pending adv,2016-10-06 00:00:00
1505005,3020/10/1 PART 23,North Vietnam - Relations with Australia,A1838,"Correspondence files, multiple number series [Main correspondence files series of the agency]",1980 - 1980,1980,1980,Closed,Withheld pending adv,2016-10-06 00:00:00
1728823,48/1/3 PART 14,Poland - Relations with Australia,A1838,"Correspondence files, multiple number series [Main correspondence files series of the agency]",1981 - 1981,1981,1981,Closed,Withheld pending adv,2016-10-07 00:00:00
3338489,1558/1/44 PART 27,International Court of Justice - Advisory opinions French Nuclear tests Australia vs France,A1838,"Correspondence files, multiple number series [Main correspondence files series of the agency]",1973 - 1973,1973,1973,Closed,Withheld pending adv,2016-10-07 00:00:00
3338473,1558/1/44 PART 8,International Court of Justice - Advisory opinions French Nuclear tests Australia vs France,A1838,"Correspondence files, multiple number series [Main correspondence files series of the agency]",1973 - 1973,1973,1973,Closed,Withheld pending adv,2016-10-07 00:00:00
3338472,1558/1/44 PART 7,International Court of Justice - Advisory opinions French Nuclear tests Australia vs France,A1838,"Correspondence files, multiple number series [Main correspondence files series of the agency]",1972 - 1973,1972,1973,Closed,Withheld pending adv,2016-10-07 00:00:00
546435,919/13/4 PART 31,France - Disarmament - Nuclear Weapons Testing,A1838,"Correspondence files, multiple number series [Main correspondence files series of the agency]",1972 - 1972,1972,1972,Closed,Withheld pending adv,2016-10-07 00:00:00
1758772,907/2 PART 23,United Nations Security Council - Elections,A1838,"Correspondence files, multiple number series [Main correspondence files series of the agency]",1978 - 1979,1978,1979,Closed,Withheld pending adv,2016-10-10 00:00:00
1602964,206/10/1 PART 1,Oman - Relations with Australia - General,A1838,"Correspondence files, multiple number series [Main correspondence files series of the agency]",1970 - 1980,1970,1980,Closed,Withheld pending adv,2016-10-10 00:00:00
546452,919/13/4 PART 44,France - Disarmament - Nuclear Weapons Testing,A1838,"Correspondence files, multiple number series [Main correspondence files series of the agency]",1973 - 1973,1973,1973,Closed,Withheld pending adv,2016-10-10 00:00:00
586160,195/2 PART 2,Persian Gulf States Muscat & Oman,A1838,"Correspondence files, multiple number series [Main correspondence files series of the agency]",1957 - 1959,1957,1959,Closed,Withheld pending adv,2016-10-10 00:00:00
1759984,699/1/6 PART 8,Pacific Ocean - Nuclear free zone,A1838,"Correspondence files, multiple number series [Main correspondence files series of the agency]",1975 - 1979,1975,1979,Closed,Withheld pending adv,2016-10-12 00:00:00
1728844,48/1/3 PART 26,Poland - Relations with Australia,A1838,"Correspondence files, multiple number series [Main correspondence files series of the agency]",1983 - 1983,1983,1983,Closed,Withheld pending adv,2016-10-12 00:00:00
3338484,1558/1/44 PART 22,International Court of Justice - Advisory opinions French Nuclear tests Australia vs France,A1838,"Correspondence files, multiple number series [Main correspondence files series of the agency]",1973 - 1973,1973,1973,Closed,Withheld pending adv,2016-10-12 00:00:00
3338485,1558/1/44 PART 23,International Court of Justice - Advisory opinions French Nuclear tests Australia vs France,A1838,"Correspondence files, multiple number series [Main correspondence files series of the agency]",1973 - 1973,1973,1973,Closed,Withheld pending adv,2016-10-13 00:00:00
1757057,820/1 PART 17,Poland - Economic - Relations with Australia,A1838,"Correspondence files, multiple number series [Main correspondence files series of the agency]",1981 - 1983,1981,1983,Closed,Withheld pending adv,2016-10-17 00:00:00
3338522,1558/1/44 PART 48,International Court of Justice - Advisory opinions French Nuclear tests Australia vs France,A1838,"Correspondence files, multiple number series [Main correspondence files series of the agency]",1973 - 1973,1973,1973,Closed,Withheld pending adv,2016-10-17 00:00:00
546438,919/13/4 PART 32,France - Disarmament - Nuclear Weapons Testing,A1838,"Correspondence files, multiple number series [Main correspondence files series of the agency]",1972 - 1972,1972,1972,Closed,Withheld pending adv,2016-10-17 00:00:00
548833,3014/10/1 PART 30,South Vietnam - Relations with Australia,A1838,"Correspondence files, multiple number series [Main correspondence files series of the agency]",1975 - 1975,1975,1975,Closed,Withheld pending adv,2016-10-17 00:00:00
587955,73/1/3 PART 20,Yugoslavia - Relations with Australia,A1838,"Correspondence files, multiple number series [Main correspondence files series of the agency]",1973 - 1973,1973,1973,Closed,Withheld pending adv,2016-10-17 00:00:00
1728845,48/1/3 PART 27,Poland - Relations with Australia,A1838,"Correspondence files, multiple number series [Main correspondence files series of the agency]",1983 - 1984,1983,1984,Closed,Withheld pending adv,2016-10-18 00:00:00
3338479,1558/1/44 PART 18,International Court of Justice - Advisory opinions French Nuclear tests Australia vs France,A1838,"Correspondence files, multiple number series [Main correspondence files series of the agency]",1973 - 1973,1973,1973,Closed,Withheld pending adv,2016-10-18 00:00:00
1751458,206/1/1 PART 1,Muscat and Oman - Internal - General,A1838,"Correspondence files, multiple number series [Main correspondence files series of the agency]",1959 - 1979,1959,1979,Closed,Withheld pending adv,2016-10-24 00:00:00
1728841,48/1/3 PART 25,Poland - Relations with Australia,A1838,"Correspondence files, multiple number series [Main correspondence files series of the agency]",1982 - 1983,1982,1983,Closed,Withheld pending adv,2016-10-24 00:00:00
548831,3014/10/1 PART 29,South Vietnam - Relations with Australia,A1838,"Correspondence files, multiple number series [Main correspondence files series of the agency]",1975 - 1975,1975,1975,Closed,Withheld pending adv,2016-10-24 00:00:00
1759983,699/1/6 PART 7,Pacific Ocean - Nuclear free zone,A1838,"Correspondence files, multiple number series [Main correspondence files series of the agency]",1975 - 1975,1975,1975,Closed,Withheld pending adv,2016-10-25 00:00:00
1871764,1558/1/44 PART 14,International Court of Justice - Advisory opinions - French nuclear tests - Australia v's France,A1838,"Correspondence files, multiple number series [Main correspondence files series of the agency]",1973 - 1973,1973,1973,Closed,Withheld pending adv,2016-10-26 00:00:00
3338488,1558/1/44 PART 26,International Court of Justice - Advisory opinions French Nuclear tests Australia vs France,A1838,"Correspondence files, multiple number series [Main correspondence files series of the agency]",1973 - 1973,1973,1973,Closed,Withheld pending adv,2016-10-26 00:00:00
587951,73/1/3 PART 18,Yugoslavia - Relations with Australia,A1838,"Correspondence files, multiple number series [Main correspondence files series of the agency]",1972 - 1972,1972,1972,Closed,Withheld pending adv,2016-10-26 00:00:00
546443,919/13/4 PART 33,France - Disarmament - Nuclear Weapons Testing,A1838,"Correspondence files, multiple number series [Main correspondence files series of the agency]",1972 - 1972,1972,1972,Closed,Withheld pending adv,2016-10-26 00:00:00
1759982,699/1/6 PART 6,Pacific Ocean - Nuclear free zone,A1838,"Correspondence files, multiple number series [Main correspondence files series of the agency]",1975 - 1975,1975,1975,Closed,Withheld pending adv,2016-10-27 00:00:00
1759980,699/1/6 PART 4,Pacific Ocean - Nuclear free zone,A1838,"Correspondence files, multiple number series [Main correspondence files series of the agency]",1975 - 1975,1975,1975,Closed,Withheld pending adv,2016-10-28 00:00:00
1871765,1558/1/44 PART 15,International Court of Justice - Advisory opinions - French nuclear tests - Australia v's France,A1838,"Correspondence files, multiple number series [Main correspondence files series of the agency]",1973 - 1973,1973,1973,Closed,Withheld pending adv,2016-10-28 00:00:00
587938,73/1/3 PART 12,Yugoslavia - Relations with Australia,A1838,"Correspondence files, multiple number series [Main correspondence files series of the agency]",1970 - 1971,1970,1971,Closed,Withheld pending adv,2016-10-28 00:00:00
1514068,3081/11/5/3/1 PART 81,Papua New Guinea - Bilateral relations - Papua New Guinea/Indonesia border,A1838,"Correspondence files, multiple number series [Main correspondence files series of the agency]",1985 - 1985,1985,1985,Closed,Withheld pending adv,2016-11-01 00:00:00
1871882,1628/1/17 PART 1,Treaty procedures - Australia - Treaty aspects of disapplication of Australian legalisation in Papua New Guinea,A1838,"Correspondence files, multiple number series [Main correspondence files series of the agency]",1974 - 1975,1974,1975,Closed,Withheld pending adv,2016-11-01 00:00:00
1516850,3015/1/1 PART 2,Provisional revolutionary government - Vietnam - Internal - General,A1838,"Correspondence files, multiple number series [Main correspondence files series of the agency]",1976 - 1981,1976,1981,Closed,Withheld pending adv,2016-11-01 00:00:00
1887662,3103/10/20/1 PART 22,Japan - Relations with Australia - Basic treaty of friendship and co-operation,A1838,"Correspondence files, multiple number series [Main correspondence files series of the agency]",1977 - 1988,1977,1988,Closed,Closed period | Withheld pending adv,2016-11-01 00:00:00
1504711,3020/1/1 PART 5,North Vietnam - Internal - General,A1838,"Correspondence files, multiple number series [Main correspondence files series of the agency]",1977 - 1978,1977,1978,Closed,Withheld pending adv,2016-11-02 00:00:00
1505002,3020/10/1 PART 20,North Vietnam - Relations with Australia,A1838,"Correspondence files, multiple number series [Main correspondence files series of the agency]",1979 - 1979,1979,1979,Closed,Withheld pending adv,2016-11-02 00:00:00
1514063,3081/11/5/3/1 PART 78,Papua New Guinea - Bilateral relations - Papua New Guinea/Indonesia border,A1838,"Correspondence files, multiple number series [Main correspondence files series of the agency]",1985 - 1985,1985,1985,Closed,Withheld pending adv,2016-11-02 00:00:00
1514072,3081/11/5/3/1 PART 87,Papua New Guinea - Bilateral relations - Papua New Guinea/Indonesia border,A1838,"Correspondence files, multiple number series [Main correspondence files series of the agency]",1985 - 1986,1985,1986,Closed,Withheld pending adv,2016-11-02 00:00:00
1504714,3020/1/1 PART 7,North Vietnam - Internal - General,A1838,"Correspondence files, multiple number series [Main correspondence files series of the agency]",1978 - 1980,1978,1980,Closed,Withheld pending adv,2016-11-02 00:00:00
1505000,3020/10/1 PART 14,North Vietnam - Relations with Australia,A1838,"Correspondence files, multiple number series [Main correspondence files series of the agency]",1976 - 1977,1976,1977,Closed,Withheld pending adv,2016-11-02 00:00:00
1505001,3020/10/1 PART 19,North Vietnam - Relations with Australia,A1838,"Correspondence files, multiple number series [Main correspondence files series of the agency]",1978 - 1979,1978,1979,Closed,Withheld pending adv,2016-11-02 00:00:00
1508969,3034/2/9/7 PART 3,Indonesia - Political - Internal security - Student activities,A1838,"Correspondence files, multiple number series [Main correspondence files series of the agency]",1978 - 1980,1978,1980,Closed,Withheld pending adv,2016-11-02 00:00:00
1514066,3081/11/5/3/1 PART 80,Papua New Guinea - Bilateral relations - Papua New Guinea/Indonesia border,A1838,"Correspondence files, multiple number series [Main correspondence files series of the agency]",1985 - 1985,1985,1985,Closed,Withheld pending adv,2016-11-02 00:00:00
1514070,3081/11/5/3/1 PART 86,Papua New Guinea - Bilateral relations - Papua New Guinea/Indonesia border,A1838,"Correspondence files, multiple number series [Main correspondence files series of the agency]",1986 - 1986,1986,1986,Closed,Withheld pending adv,2016-11-07 00:00:00
1504999,3020/10/1 PART 13,North Vietnam - Relations with Australia,A1838,"Correspondence files, multiple number series [Main correspondence files series of the agency]",1976 - 1976,1976,1976,Closed,Withheld pending adv,2016-11-07 00:00:00
588731,160/2/1 PART 18,Ceylon - Political - General,A1838,"Correspondence files, multiple number series [Main correspondence files series of the agency]",1971 - 1972,1971,1972,Closed,Withheld pending adv,2016-11-07 00:00:00
1755341,684/2/2 PART 2,NATO - Relations with Australia,A1838,"Correspondence files, multiple number series [Main correspondence files series of the agency]",1983 - 1987,1983,1987,Closed,Withheld pending adv,2016-11-08 00:00:00
588732,160/2/1 PART 19,Ceylon - Political - General,A1838,"Correspondence files, multiple number series [Main correspondence files series of the agency]",1972 - 1972,1972,1972,Closed,Withheld pending adv,2016-11-08 00:00:00
588729,160/2/1 PART 17,Ceylon - Political - General,A1838,"Correspondence files, multiple number series [Main correspondence files series of the agency]",1971 - 1971,1971,1971,Closed,Withheld pending adv,2016-11-08 00:00:00
1508970,3034/2/9/7 PART 4,Indonesia - Political - Internal security - Student activities,A1838,"Correspondence files, multiple number series [Main correspondence files series of the agency]",1980 - 1982,1980,1982,Closed,Withheld pending adv,2016-11-10 00:00:00
588735,160/2/1 PART 21,Ceylon - Political - General,A1838,"Correspondence files, multiple number series [Main correspondence files series of the agency]",1973 - 1974,1973,1974,Closed,Withheld pending adv,2016-11-10 00:00:00
1513977,3081/11/5/3/1 PART 15,Papua New Guinea/Indonesia - Papua New Guinea border West Irian,A1838,"Correspondence files, multiple number series [Main correspondence files series of the agency]",1976 - 1976,1976,1976,Closed,Withheld pending adv,2016-11-14 00:00:00
1514064,3081/11/5/3/1 PART 79,Papua New Guinea - Bilateral relations - Papua New Guinea/Indonesia border,A1838,"Correspondence files, multiple number series [Main correspondence files series of the agency]",1985 - 1985,1985,1985,Closed,Withheld pending adv,2016-11-14 00:00:00
1727655,25/1/3 PART 20,France - Foreign policy - Relations with Australia - General,A1838,"Correspondence files, multiple number series [Main correspondence files series of the agency]",1976 - 1976,1976,1976,Closed,Withheld pending adv,2016-11-14 00:00:00
1505003,3020/10/1 PART 21,North Vietnam - Relations with Australia,A1838,"Correspondence files, multiple number series [Main correspondence files series of the agency]",1979 - 1979,1979,1979,Closed,Withheld pending adv,2016-11-14 00:00:00
1872377,1736/4 PART 2,Law of the sea - Nuclear testing - Weapons and seabed arms control treaty,A1838,"Correspondence files, multiple number series [Main correspondence files series of the agency]",1977 - 1986,1977,1986,Closed,Withheld pending adv,2016-11-18 00:00:00
1504984,3020/7/1/4 PART 1,Vietnam - Expatriate political groups and activities,A1838,"Correspondence files, multiple number series [Main correspondence files series of the agency]",1977 - 1982,1977,1982,Closed,Withheld pending adv,2016-11-24 00:00:00
1505004,3020/10/1 PART 22,North Vietnam - Relations with Australia,A1838,"Correspondence files, multiple number series [Main correspondence files series of the agency]",1979 - 1980,1979,1980,Closed,Withheld pending adv,2016-11-24 00:00:00
1871651,1628/29/1 PART 1,Treaties bilateral arrangements with Papua New Guinea after independence,A1838,"Correspondence files, multiple number series [Main correspondence files series of the agency]",1974 - 1975,1974,1975,Closed,Withheld pending adv,2016-11-28 00:00:00
1515495,3103/11/119 PART 13,Japan - Relations with Papua New Guinea,A1838,"Correspondence files, multiple number series [Main correspondence files series of the agency]",1976 - 1976,1976,1976,Closed,Withheld pending adv,2016-12-15 00:00:00
1512508,3103/11/119 PART 14,Japan - Relations with Papua New Guinea,A1838,"Correspondence files, multiple number series [Main correspondence files series of the agency]",1976 - 1979,1976,1979,Closed,Withheld pending adv,2016-12-19 00:00:00
1515491,3103/11/119 PART 5,Japan - Relations with Australia Territory of Papua New Guinea,A1838,"Correspondence files, multiple number series [Main correspondence files series of the agency]",1973 - 1973,1973,1973,Closed,Withheld pending adv,2016-12-19 00:00:00
1515494,3103/11/119 PART 12,Japan - Relations with Papua New Guinea,A1838,"Correspondence files, multiple number series [Main correspondence files series of the agency]",1975 - 1976,1975,1976,Closed,Withheld pending adv,2016-12-19 00:00:00
1513946,3081/11/3/2 PART 12,Papua New Guinea - Relations with Japan,A1838,"Correspondence files, multiple number series [Main correspondence files series of the agency]",1976 - 1977,1976,1977,Closed,Withheld pending adv,2016-12-19 00:00:00
1513948,3081/11/3/2 PART 13,Papua New Guinea - Relations with Japan,A1838,"Correspondence files, multiple number series [Main correspondence files series of the agency]",1978 - 1985,1978,1985,Closed,Withheld pending adv,2016-12-19 00:00:00
547635,3103/10/17/3/6 PART 2,Japan - Interests in Papua New Guinea,A1838,"Correspondence files, multiple number series [Main correspondence files series of the agency]",1971 - 1972,1971,1972,Closed,Withheld pending adv,2016-12-19 00:00:00
547638,3103/10/17/3/6 PART 3,Japan - Interests in Papua New Guinea,A1838,"Correspondence files, multiple number series [Main correspondence files series of the agency]",1972 - 1973,1972,1973,Closed,Withheld pending adv,2016-12-19 00:00:00
548574,3080/12/3 PART 2,Papua New Guinea - Relations with Japan,A1838,"Correspondence files, multiple number series [Main correspondence files series of the agency]",1972 - 1972,1972,1972,Closed,Withheld pending adv,2016-12-19 00:00:00
547633,3103/10/17/3/6 PART 1,Inter Departmental Committee on Japan - Japan - Interests in Papua New Guinea,A1838,"Correspondence files, multiple number series [Main correspondence files series of the agency]",1970 - 1971,1970,1971,Closed,Withheld pending adv,2016-12-19 00:00:00
1744658,69/1/4/30/2 PART 1,USSR [Union of Soviet Socialist Republics] - Foreign policy - Relations with other countries - Afghanistan - Retaliatory measures by other countries against Soviet invasion,A1838,"Correspondence files, multiple number series [Main correspondence files series of the agency]",1979 - 1980,1979,1980,Closed,Withheld pending adv,2016-12-20 00:00:00
548575,3080/12/3 PART 6,Papua New Guinea - Relations with Japan,A1838,"Correspondence files, multiple number series [Main correspondence files series of the agency]",1973 - 1973,1973,1973,Closed,Withheld pending adv,2016-12-20 00:00:00
1744670,69/1/4/30/3 PART 3,USSR [Union of Soviet Socialist Republics] - Foreign policy - Relations with other countries - Afghanistan - Soviet invasion - General,A1838,"Correspondence files, multiple number series [Main correspondence files series of the agency]",1980 - 1983,1980,1983,Closed,Withheld pending adv,2016-12-21 00:00:00
1744675,69/1/4/30/4 PART 1,USSR [Union of Soviet Socialist Republics] - Foreign policy - Relations with other countries - Afghanistan - Proposals for a political settlement,A1838,"Correspondence files, multiple number series [Main correspondence files series of the agency]",1970 - 1980,1970,1980,Closed,Withheld pending adv,2016-12-21 00:00:00
1513945,3081/11/3/2 PART 11,Papua New Guinea - Relations with Japan,A1838,"Correspondence files, multiple number series [Main correspondence files series of the agency]",1976 - 1976,1976,1976,Closed,Withheld pending adv,2016-12-21 00:00:00
